<?xml version="1.0" encoding="UTF-8"?>
<colors>
	<!-- background -->
	<color name="background">ff1d1e2b</color>
	<color name="background_diffuse">f21d1e2b</color>

	<!-- widgets and views-->
	<color name="thumb_background">80000000</color>
	<color name="thumb_background_fallback">ff417991</color>
	<color name="thumb_background_fallback_secondary">80000000</color>

	<!-- player -->
	<color name="player_osd_color">FFFF4081</color>

	<!-- common colors -->
	<color name="black">FF000000</color>
	<color name="white">FFFFFFFFF</color>
	<color name="grey">FF404040</color>
	<color name="lightgrey">FF888888</color>
	<color name="softgrey">ffaaaaaa</color>
	<color name="blue">ff0288d1</color>
	<color name="green">ff388e3c</color>
	<color name="red">ffd32f2f</color>
	<color name="turquoise">ff009688</color>
	<color name="orange">fff57f17</color>
	<color name="lila">ff6b689d</color>

	<!-- text -->
	<color name="text_white">ccffffff</color>
	<color name="text_sublabel">80ffffff</color>
	<color name="text_headline">ccffffff</color>
	<color name="text_shadow">44000000</color>
	<color name="disabled">30FFFFFF</color>
	<color name="selected">ff0288d1</color>
	<color name="invalid">FFFF0000</color>

	<!-- buttons -->
	<color name="dark_button">80000000</color>
	<color name="light_button">80000000</color>
	<color name="selected_button">800288d1</color>
	<color name="grey_button">80000000</color>

	<!-- main focused colors -->
	<color name="accent">FFFF4081</color>

	<!-- sidepanel -->
	<color name="sidepanel_background">ff1d1e2b</color>
	<color name="sidepanel_textcolor">ccffffff</color>
	<color name="sidepanel_focus">ff434453</color>

	<!-- context menu -->
	<color name="context_textcolor">ccffffff</color>
	<color name="context_textcolor_focused">ccffffff</color>
	<color name="context_color">ff1d1e2b</color>
	<color name="context_subitem">ff161721</color>
	<color name="context_focusedcolor">ff434453</color>

	<!-- EPG -->
	<color name="grid_title">ff222326</color>
	<color name="grid_label">ff1c1d1f</color>
	<color name="grid_label_inprogress">66000000</color>
	<color name="grid_border">0dffffff</color>

	<!-- header bar -->
	<color name="text_header">66ffffff</color>
	<color name="text_header_mainlabel">ccffffff</color>
	<color name="text_header_sublabel">66ffffff</color>
	<color name="footerbar">ff1d1e2b</color>
	<color name="header_shadow">cc11121a</color>

	<!-- scrollbar -->
	<color name="scrollbar_background">34ffffff</color>
	<color name="scrollbar_slider">FF888888</color>

	<!-- settings elements -->
	<color name="panel_background">80000000</color>
	<color name="panel_background2">ee000000</color>
	<color name="panel_focus">ff535e66</color>
	<color name="panel_subitem">99000000</color>
	<color name="panel_textcolor">ccffffff</color>
	<color name="panel_textcolor2">66ffffff</color>

</colors>
