<?xml version="1.0" encoding="UTF-8"?>
<addon id="skin.embuary-leia.clark" version="18.8.7.2" name="Embuary (Leia) Clark" provider-name="sualfred">
	<requires>
		<import addon="xbmc.gui" version="5.14.0"/>
		<import addon="script.embuary.helper" version="1.3.6"/>
		<import addon="script.embuary.info" version="1.1.1"/>
		<import addon="resource.uisounds.embuary" version="0.0.4"/>
		<import addon="plugin.program.autocompletion" version="1.0.1"/>
		<import addon="script.skinshortcuts" version="1.0.17"/>
		<import addon="resource.uisounds.embuary" version="0.0.4"/>
	</requires>
	<extension point="xbmc.gui.skin" debugging="false">
		<res width="1920" height="1080" aspect="16:9" default="true" folder="xml" />
	</extension>
	<extension point="xbmc.addon.metadata">
		<summary lang="en_GB">Embuary skin by Sualfred</summary>
		<summary lang="de_DE">Embuary Skin von Sualfred</summary>
		<description lang="en_GB">Embuary is based on the web UI of Emby and has been developed for Emby-For-Kodi and EmbyCon users, but will also work for any other common Kodi setup.</description>
		<description lang="de_DE">Embuary ist dem Web UI von Emby nachempfunden und für Emby-For-Kodi und EmbyCon Nutzer entwickelt worden, aber funktioniert auch für alle gängigen Kodi Setups.</description>
		<disclaimer lang="en_GB">No mouse support. With the installation of the skin you agree that you don't use it in combination with blacklisted and illegal Kodi add-ons. I'm not associated with any available build and I won't give any support to blacklisted, banned or illegal third party addons.</disclaimer>
		<disclaimer lang="de_DE">Keine Maus Unterstützung. Mit der Installation des Skins erklärst du dich damit einverstanden keine verbotenen und illegalen Addons von Kodi damit zu benutzen. Ich stehe in keinerlei Verbindung zu verfübaren Builds und gebe keinen Support für diese oder andere illegalen Drittanbieter-Addons.</disclaimer>
		<platform>all</platform>
		<license>CC-BY-NC-ND-4.0</license>
		<forum>https://emby.media/community/index.php?/topic/49724-beta-embuary-the-emby-kodi-skin/</forum>
		<source>https://github.com/cdbassett/skin.embuary</source>
		<assets>
			<icon>resources/icon.png</icon>
			<fanart>resources/fanart.jpg</fanart>
			<screenshot>resources/screenshot-01.jpg</screenshot>
			<screenshot>resources/screenshot-02.jpg</screenshot>
			<screenshot>resources/screenshot-03.jpg</screenshot>
			<screenshot>resources/screenshot-04.jpg</screenshot>
			<screenshot>resources/screenshot-05.jpg</screenshot>
			<screenshot>resources/screenshot-06.jpg</screenshot>
			<screenshot>resources/screenshot-07.jpg</screenshot>
			<screenshot>resources/screenshot-08.jpg</screenshot>
			<screenshot>resources/screenshot-09.jpg</screenshot>
			<screenshot>resources/screenshot-10.jpg</screenshot>
		</assets>
	</extension>
</addon>
