<?xml version='1.0' encoding='UTF-8'?>
<shortcuts>
	<shortcut>
		<defaultID>embuary_all_movies</defaultID>
		<label>$VAR[MovieHubHeadline]</label>
		<label2/>
		<thumb/>
		<icon/>
		<action>ActivateWindow(1120,return)</action>
		<visible>[Library.HasContent(movies)
		| [System.HasAddon(plugin.video.embycon) + [
		String.IsEqual(Window(home).Property(plugin.video.embycon-view_item.0.type),movies)
		| String.IsEqual(Window(home).Property(plugin.video.embycon-view_item.1.type),movies)
		| String.IsEqual(Window(home).Property(plugin.video.embycon-view_item.2.type),movies)
		| String.IsEqual(Window(home).Property(plugin.video.embycon-view_item.3.type),movies)
		| String.IsEqual(Window(home).Property(plugin.video.embycon-view_item.4.type),movies)
		| String.IsEqual(Window(home).Property(plugin.video.embycon-view_item.5.type),movies)
		| String.IsEqual(Window(home).Property(plugin.video.embycon-view_item.6.type),movies)
		| String.IsEqual(Window(home).Property(plugin.video.embycon-view_item.7.type),movies)
		| String.IsEqual(Window(home).Property(plugin.video.embycon-view_item.8.type),movies)
		| String.IsEqual(Window(home).Property(plugin.video.embycon-view_item.9.type),movies)
		| String.IsEqual(Window(home).Property(plugin.video.embycon-view_item.10.type),movies)
		| String.IsEqual(Window(home).Property(plugin.video.embycon-view_item.11.type),movies)
		| String.IsEqual(Window(home).Property(plugin.video.embycon-view_item.12.type),movies)
		| String.IsEqual(Window(home).Property(plugin.video.embycon-view_item.13.type),movies)
		| String.IsEqual(Window(home).Property(plugin.video.embycon-view_item.14.type),movies)
		| String.IsEqual(Window(home).Property(plugin.video.embycon-view_item.15.type),movies)
		| String.IsEqual(Window(home).Property(plugin.video.embycon-view_item.16.type),movies)
		| String.IsEqual(Window(home).Property(plugin.video.embycon-view_item.17.type),movies)
		| String.IsEqual(Window(home).Property(plugin.video.embycon-view_item.18.type),movies)
		| String.IsEqual(Window(home).Property(plugin.video.embycon-view_item.19.type),movies)
		| String.IsEqual(Window(home).Property(plugin.video.embycon-view_item.20.type),movies)
		| String.IsEqual(Window(home).Property(plugin.video.embycon-view_item.21.type),movies)
		| String.IsEqual(Window(home).Property(plugin.video.embycon-view_item.22.type),movies)
		| String.IsEqual(Window(home).Property(plugin.video.embycon-view_item.23.type),movies)
		| String.IsEqual(Window(home).Property(plugin.video.embycon-view_item.24.type),movies)
		| String.IsEqual(Window(home).Property(plugin.video.embycon-view_item.25.type),movies)
		| String.IsEqual(Window(home).Property(plugin.video.embycon-view_item.26.type),movies)
		| String.IsEqual(Window(home).Property(plugin.video.embycon-view_item.27.type),movies)
		| String.IsEqual(Window(home).Property(plugin.video.embycon-view_item.28.type),movies)
		| String.IsEqual(Window(home).Property(plugin.video.embycon-view_item.29.type),movies)
		]]]</visible>
	</shortcut>
	<shortcut>
		<defaultID>embuary_collections</defaultID>
		<label>31169</label>
		<label2/>
		<icon/>
		<thumb/>
		<action>ActivateWindow(videos,library://video/movies/sets.xml/,return)</action>
		<visible>Library.HasContent(MovieSets)</visible>
	</shortcut>
	<shortcut>
		<defaultID>embuary_all_shows</defaultID>
		<label>$VAR[TVShowHubHeadline]</label>
		<label2/>
		<icon/>
		<thumb/>
		<action>ActivateWindow(1121,return)</action>
		<visible>[Library.HasContent(tvshows)
		| [System.HasAddon(plugin.video.embycon) + [
		String.IsEqual(Window(home).Property(plugin.video.embycon-view_item.0.type),tvshows)
		| String.IsEqual(Window(home).Property(plugin.video.embycon-view_item.1.type),tvshows)
		| String.IsEqual(Window(home).Property(plugin.video.embycon-view_item.2.type),tvshows)
		| String.IsEqual(Window(home).Property(plugin.video.embycon-view_item.3.type),tvshows)
		| String.IsEqual(Window(home).Property(plugin.video.embycon-view_item.4.type),tvshows)
		| String.IsEqual(Window(home).Property(plugin.video.embycon-view_item.5.type),tvshows)
		| String.IsEqual(Window(home).Property(plugin.video.embycon-view_item.6.type),tvshows)
		| String.IsEqual(Window(home).Property(plugin.video.embycon-view_item.7.type),tvshows)
		| String.IsEqual(Window(home).Property(plugin.video.embycon-view_item.8.type),tvshows)
		| String.IsEqual(Window(home).Property(plugin.video.embycon-view_item.9.type),tvshows)
		| String.IsEqual(Window(home).Property(plugin.video.embycon-view_item.10.type),tvshows)
		| String.IsEqual(Window(home).Property(plugin.video.embycon-view_item.11.type),tvshows)
		| String.IsEqual(Window(home).Property(plugin.video.embycon-view_item.12.type),tvshows)
		| String.IsEqual(Window(home).Property(plugin.video.embycon-view_item.13.type),tvshows)
		| String.IsEqual(Window(home).Property(plugin.video.embycon-view_item.14.type),tvshows)
		| String.IsEqual(Window(home).Property(plugin.video.embycon-view_item.15.type),tvshows)
		| String.IsEqual(Window(home).Property(plugin.video.embycon-view_item.16.type),tvshows)
		| String.IsEqual(Window(home).Property(plugin.video.embycon-view_item.17.type),tvshows)
		| String.IsEqual(Window(home).Property(plugin.video.embycon-view_item.18.type),tvshows)
		| String.IsEqual(Window(home).Property(plugin.video.embycon-view_item.19.type),tvshows)
		| String.IsEqual(Window(home).Property(plugin.video.embycon-view_item.20.type),tvshows)
		| String.IsEqual(Window(home).Property(plugin.video.embycon-view_item.21.type),tvshows)
		| String.IsEqual(Window(home).Property(plugin.video.embycon-view_item.22.type),tvshows)
		| String.IsEqual(Window(home).Property(plugin.video.embycon-view_item.23.type),tvshows)
		| String.IsEqual(Window(home).Property(plugin.video.embycon-view_item.24.type),tvshows)
		| String.IsEqual(Window(home).Property(plugin.video.embycon-view_item.25.type),tvshows)
		| String.IsEqual(Window(home).Property(plugin.video.embycon-view_item.26.type),tvshows)
		| String.IsEqual(Window(home).Property(plugin.video.embycon-view_item.27.type),tvshows)
		| String.IsEqual(Window(home).Property(plugin.video.embycon-view_item.28.type),tvshows)
		| String.IsEqual(Window(home).Property(plugin.video.embycon-view_item.29.type),tvshows)
		]]]</visible>
	</shortcut>
	<shortcut>
		<defaultID>embuary_videos</defaultID>
		<label>$LOCALIZE[3]</label>
		<label2/>
		<icon/>
		<thumb/>
		<action>ActivateWindow(Videos,root,return)</action>
	</shortcut>
	<!-- pvr -->
	<shortcut>
		<defaultID>embuary_pvr</defaultID>
		<label>$VAR[PVRLabel]</label>
		<label2/>
		<icon/>
		<thumb/>
		<action>ActivateWindow(1124,return)</action>
		<visible>Pvr.HasTVChannels</visible>
	</shortcut>
	<shortcut>
		<defaultID>embuary_recordings</defaultID>
		<label>19017</label>
		<label2/>
		<icon/>
		<thumb/>
		<action>ActivateWindow(tvrecordings)</action>
		<visible>Pvr.HasTVChannels</visible>
	</shortcut>
	<shortcut>
		<defaultID>embuary_all_music</defaultID>
		<label>2</label>
		<label2/>
		<icon>$VAR[MainMenuMusicHubIcon]</icon>
		<thumb/>
		<action>ActivateWindow(1122,return)</action>
		<visible>[Library.HasContent(music)
		| [System.HasAddon(plugin.video.embycon) + [
		String.IsEqual(Window(home).Property(plugin.video.embycon-view_item.0.type),music)
		| String.IsEqual(Window(home).Property(plugin.video.embycon-view_item.1.type),music)
		| String.IsEqual(Window(home).Property(plugin.video.embycon-view_item.2.type),music)
		| String.IsEqual(Window(home).Property(plugin.video.embycon-view_item.3.type),music)
		| String.IsEqual(Window(home).Property(plugin.video.embycon-view_item.4.type),music)
		| String.IsEqual(Window(home).Property(plugin.video.embycon-view_item.5.type),music)
		| String.IsEqual(Window(home).Property(plugin.video.embycon-view_item.6.type),music)
		| String.IsEqual(Window(home).Property(plugin.video.embycon-view_item.7.type),music)
		| String.IsEqual(Window(home).Property(plugin.video.embycon-view_item.8.type),music)
		| String.IsEqual(Window(home).Property(plugin.video.embycon-view_item.9.type),music)
		| String.IsEqual(Window(home).Property(plugin.video.embycon-view_item.10.type),music)
		| String.IsEqual(Window(home).Property(plugin.video.embycon-view_item.11.type),music)
		| String.IsEqual(Window(home).Property(plugin.video.embycon-view_item.12.type),music)
		| String.IsEqual(Window(home).Property(plugin.video.embycon-view_item.13.type),music)
		| String.IsEqual(Window(home).Property(plugin.video.embycon-view_item.14.type),music)
		| String.IsEqual(Window(home).Property(plugin.video.embycon-view_item.15.type),music)
		| String.IsEqual(Window(home).Property(plugin.video.embycon-view_item.16.type),music)
		| String.IsEqual(Window(home).Property(plugin.video.embycon-view_item.17.type),music)
		| String.IsEqual(Window(home).Property(plugin.video.embycon-view_item.18.type),music)
		| String.IsEqual(Window(home).Property(plugin.video.embycon-view_item.19.type),music)
		| String.IsEqual(Window(home).Property(plugin.video.embycon-view_item.20.type),music)
		| String.IsEqual(Window(home).Property(plugin.video.embycon-view_item.21.type),music)
		| String.IsEqual(Window(home).Property(plugin.video.embycon-view_item.22.type),music)
		| String.IsEqual(Window(home).Property(plugin.video.embycon-view_item.23.type),music)
		| String.IsEqual(Window(home).Property(plugin.video.embycon-view_item.24.type),music)
		| String.IsEqual(Window(home).Property(plugin.video.embycon-view_item.25.type),music)
		| String.IsEqual(Window(home).Property(plugin.video.embycon-view_item.26.type),music)
		| String.IsEqual(Window(home).Property(plugin.video.embycon-view_item.27.type),music)
		| String.IsEqual(Window(home).Property(plugin.video.embycon-view_item.28.type),music)
		| String.IsEqual(Window(home).Property(plugin.video.embycon-view_item.29.type),music)
		]]]</visible>
	</shortcut>
	<shortcut>
		<defaultID>embuary_musicvideos</defaultID>
		<label>20389</label>
		<label2/>
		<icon/>
		<thumb/>
		<action>ActivateWindow(videos,videodb://musicvideos/titles/,return)</action>
		<visible>Library.HasContent(musicvideos)</visible>
	</shortcut>
	<shortcut>
		<defaultID>embuary_customhub</defaultID>
		<label>$VAR[CustomHubHeadline]</label>
		<label2/>
		<icon/>
		<thumb/>
		<action>ActivateWindow(1125,return)</action>
		<visible>Skin.HasSetting(ShowCustomHub)</visible>
	</shortcut>
	<shortcut>
		<defaultID>embuary_addons</defaultID>
		<label>24001</label>
		<label2/>
		<icon/>
		<thumb/>
		<action>ActivateWindow(1123,return)</action>
	</shortcut>
	<shortcut>
		<defaultID>embuary_addons</defaultID>
		<label>20244</label>
		<label2/>
		<icon/>
		<thumb/>
		<action>ActivateWindow(programs,androidapp://sources/apps/,return)</action>
		<visible>System.Platform.Android</visible>
	</shortcut>
	<shortcut>
		<defaultID>embuary_weather</defaultID>
		<label>$LOCALIZE[8]</label>
		<label2/>
		<icon/>
		<thumb/>
		<action>ActivateWindow(Weather)</action>
		<visible>!String.IsEmpty(Weather.Plugin) + !String.IsEqual(Weather.fanartcode,na)</visible>
	</shortcut>
	<shortcut>
		<defaultID>embuary_library_update</defaultID>
		<label>$LOCALIZE[799]</label>
		<label2/>
		<icon/>
		<thumb/>
		<action>library_update</action>
		<visible>[Library.HasContent(movies) | Library.HasContent(tvshows) | Library.HasContent(music) | Library.HasContent(musicvideos) | Library.HasContent(video)]</visible>
	</shortcut>
</shortcuts>
