<?xml version="1.0" encoding="UTF-8"?>
<window>
	<defaultcontrol always="true">3</defaultcontrol>
	<include>PropertyIncludes</include>
	<onunload condition="System.HasAddon(plugin.video.embycon)">RunScript(script.embuary.helper,action=getaddonsetting,addon=plugin.video.embycon,setting=group_movies)</onunload>
	<controls>
		<control type="label" id="2">
			<include>HiddenObject</include>
		</control>
		<control type="button" id="28">
			<include>HiddenObject</include>
		</control>
		<control type="button" id="29">
			<include>HiddenObject</include>
		</control>
		<control type="button" id="30">
			<include>HiddenObject</include>
		</control>
		<control type="button" id="1100">
			<include>HiddenObject</include>
			<onfocus>RunScript(script.embuary.helper,action=dialogyesno,header=$LOCALIZE[31140],message=$LOCALIZE[31139],yesaction=SendClick(28),noaction=Sendclick(29))</onfocus>
		</control>
		<include>Background</include>
		<control type="group">
			<include>Window_OpenClose</include>
			<!-- hint and borders -->
			<control type="image">
				<top>112</top>
				<left>450</left>
				<right>0</right>
				<height>1</height>
				<texture colordiffuse="grid_border">common/white.jpg</texture>
				<aspectratio>stretch</aspectratio>
			</control>
			<control type="image">
				<bottom>112</bottom>
				<left>450</left>
				<right>0</right>
				<height>1</height>
				<texture colordiffuse="grid_border">common/white.jpg</texture>
				<aspectratio>stretch</aspectratio>
			</control>
			<control type="textbox" id="6">
				<bottom>6</bottom>
				<left>510</left>
				<right>30</right>
				<height>100</height>
				<aligny>center</aligny>
				<font>Reg22</font>
			</control>
			<control type="textbox">
				<bottom>6</bottom>
				<left>510</left>
				<right>30</right>
				<height>100</height>
				<aligny>center</aligny>
				<font>Reg22</font>
				<label>$LOCALIZE[31131]: $LOCALIZE[31136].</label>
				<visible>String.IsEmpty(Control.GetLabel(6))</visible>
			</control>
			<include content="ContentPanel">
				<param name="top" value="0"/>
				<param name="bottom" value="0"/>
				<param name="width" value="450"/>
			</include>
			<!-- left -->
			<control type="group">
				<width>450</width>
				<control type="group">
					<left>0</left>
					<top>100</top>
					<include content="SideBarHeadline">
						<param name="label" value="$LOCALIZE[5]"/>
					</include>
					<control type="grouplist" id="3">
						<left>0</left>
						<top>50</top>
						<bottom>220</bottom>
						<usecontrolcoords>true</usecontrolcoords>
						<onleft>900</onleft>
						<onright>5</onright>
						<onup>6666</onup>
						<ondown>1000</ondown>
						<onback>1100</onback>
					</control>
					<control type="togglebutton" id="10">
						<alttexturefocus/>
						<include>SettingsButtonSidePanel</include>
					</control>
				</control>
				<control type="group">
					<animation effect="slide" end="0,50" time="0" condition="Integer.IsGreater(Container(3).NumItems,1)">Conditional</animation>
					<animation effect="slide" end="0,50" time="0" condition="Integer.IsGreater(Container(3).NumItems,2)">Conditional</animation>
					<animation effect="slide" end="0,50" time="0" condition="Integer.IsGreater(Container(3).NumItems,3)">Conditional</animation>
					<animation effect="slide" end="0,50" time="0" condition="Integer.IsGreater(Container(3).NumItems,4)">Conditional</animation>
					<animation effect="slide" end="0,50" time="0" condition="Integer.IsGreater(Container(3).NumItems,5)">Conditional</animation>
					<animation effect="slide" end="0,50" time="0" condition="Integer.IsGreater(Container(3).NumItems,6)">Conditional</animation>
					<animation effect="slide" end="0,50" time="0" condition="Integer.IsGreater(Container(3).NumItems,7)">Conditional</animation>
					<animation effect="slide" end="0,50" time="0" condition="Integer.IsGreater(Container(3).NumItems,8)">Conditional</animation>
					<animation effect="slide" end="0,50" time="0" condition="Integer.IsGreater(Container(3).NumItems,9)">Conditional</animation>
					<animation effect="slide" end="0,50" time="0" condition="Integer.IsGreater(Container(3).NumItems,10)">Conditional</animation>
					<animation effect="slide" end="0,50" time="0" condition="Integer.IsGreater(Container(3).NumItems,11)">Conditional</animation>
					<animation effect="slide" end="0,50" time="0" condition="Integer.IsGreater(Container(3).NumItems,12)">Conditional</animation>
					<animation effect="slide" end="0,50" time="0" condition="Integer.IsGreater(Container(3).NumItems,13)">Conditional</animation>
					<left>0</left>
					<top>210</top>
					<include content="SideBarHeadline">
						<param name="label" value="$LOCALIZE[10140]"/>
					</include>
					<control type="grouplist" id="1000">
						<left>0</left>
						<top>50</top>
						<usecontrolcoords>true</usecontrolcoords>
						<onleft>900</onleft>
						<onright>5</onright>
						<onup>3</onup>
						<ondown>noop</ondown>
						<onback>1100</onback>
						<control type="button" id="1001">
							<label>$LOCALIZE[732]</label>
							<onclick>SendClick(28)</onclick>
							<include>SettingsButtonSidePanel</include>
						</control>
						<control type="button" id="1003">
							<label>$LOCALIZE[31135]</label>
							<onclick>SendClick(30)</onclick>
							<include>SettingsButtonSidePanel</include>
						</control>
						<control type="button" id="1002">
							<label>$LOCALIZE[222]</label>
							<onclick>SendClick(29)</onclick>
							<include>SettingsButtonSidePanel</include>
						</control>
					</control>
				</control>
			</control>
			<!-- right -->
			<control type="group">
				<left>510</left>
				<right>50</right>
				<top>113</top>
				<bottom>113</bottom>
				<!-- list -->
				<control type="grouplist" id="5">
					<height>100%</height>
					<onup>6666</onup>
					<onleft>3</onleft>
					<onright>noop</onright>
					<ondown>1001</ondown>
					<pagecontrol>60</pagecontrol>
					<scrolltime>200</scrolltime>
					<itemgap>0</itemgap>
					<onback>1100</onback>
				</control>
				<control type="edit" id="12">
					<description>Default Button</description>
					<include>SettingsButton</include>
				</control>
				<control type="button" id="7">
					<description>Default Button</description>
					<include>SettingsButton</include>
				</control>
				<control type="radiobutton" id="8">
					<description>Default RadioButton</description>
					<include>SettingsButton</include>
				</control>
				<control type="spincontrolex" id="9">
					<description>Default SpinControlex</description>
					<include>SettingsButton</include>
				</control>
				<control type="sliderex" id="13">
					<description>Default Slider</description>
					<include>SettingsButton</include>
				</control>
				<control type="image" id="11">
					<description>separator image</description>
					<visible>false</visible>
				</control>
				<include content="SkinSettingsHeadlineLabel">
					<param name="id" value="14"/>
				</include>
			</control>
		</control>
		<!-- scrollbar -->
		<include content="Scrollbar">
			<param name="id" value="60"/>
			<param name="visible" value="true"/>
			<param name="top" value="112"/>
			<param name="bottom" value="112"/>
			<param name="width" value="10"/>
		</include>
		<!-- header bar -->
		<include content="HeaderBar">
			<param name="id">3</param>
			<param name="auto_hide">false</param>
		</include>
		<!-- side panel -->
		<include content="SidePanel">
			<param name="onright">3</param>
		</include>
	</controls>
</window>
