<?xml version="1.0" encoding="UTF-8"?>
<window id="1131">
	<defaultcontrol always="true">10</defaultcontrol>
	<menucontrol>6666</menucontrol>
	<backgroundcolor>background</backgroundcolor>
	<include content="PropertyIncludes">
		<param name="ShowHeader" value="true"/>
	</include>
	<controls>
		<include condition="String.IsEqual(Window(home).Property(plugin.video.embycon-view_item.0.type),movies) + String.IsEqual(Window(home).Property(TagHubNr),0)" content="EmbyConHubMovieTemplate">
			<param name="nr" value="0"/>
		</include>
		<include condition="String.IsEqual(Window(home).Property(plugin.video.embycon-view_item.1.type),movies) + String.IsEqual(Window(home).Property(TagHubNr),1)" content="EmbyConHubMovieTemplate">
			<param name="nr" value="1"/>
		</include>
		<include condition="String.IsEqual(Window(home).Property(plugin.video.embycon-view_item.2.type),movies) + String.IsEqual(Window(home).Property(TagHubNr),2)" content="EmbyConHubMovieTemplate">
			<param name="nr" value="2"/>
		</include>
		<include condition="String.IsEqual(Window(home).Property(plugin.video.embycon-view_item.3.type),movies) + String.IsEqual(Window(home).Property(TagHubNr),3)" content="EmbyConHubMovieTemplate">
			<param name="nr" value="3"/>
		</include>
		<include condition="String.IsEqual(Window(home).Property(plugin.video.embycon-view_item.4.type),movies) + String.IsEqual(Window(home).Property(TagHubNr),4)" content="EmbyConHubMovieTemplate">
			<param name="nr" value="4"/>
		</include>
		<include condition="String.IsEqual(Window(home).Property(plugin.video.embycon-view_item.5.type),movies) + String.IsEqual(Window(home).Property(TagHubNr),5)" content="EmbyConHubMovieTemplate">
			<param name="nr" value="5"/>
		</include>
		<include condition="String.IsEqual(Window(home).Property(plugin.video.embycon-view_item.6.type),movies) + String.IsEqual(Window(home).Property(TagHubNr),6)" content="EmbyConHubMovieTemplate">
			<param name="nr" value="6"/>
		</include>
		<include condition="String.IsEqual(Window(home).Property(plugin.video.embycon-view_item.7.type),movies) + String.IsEqual(Window(home).Property(TagHubNr),7)" content="EmbyConHubMovieTemplate">
			<param name="nr" value="7"/>
		</include>
		<include condition="String.IsEqual(Window(home).Property(plugin.video.embycon-view_item.8.type),movies) + String.IsEqual(Window(home).Property(TagHubNr),8)" content="EmbyConHubMovieTemplate">
			<param name="nr" value="8"/>
		</include>
		<include condition="String.IsEqual(Window(home).Property(plugin.video.embycon-view_item.9.type),movies) + String.IsEqual(Window(home).Property(TagHubNr),9)" content="EmbyConHubMovieTemplate">
			<param name="nr" value="9"/>
		</include>
		<include condition="String.IsEqual(Window(home).Property(plugin.video.embycon-view_item.10.type),movies) + String.IsEqual(Window(home).Property(TagHubNr),10)" content="EmbyConHubMovieTemplate">
			<param name="nr" value="10"/>
		</include>
		<include condition="String.IsEqual(Window(home).Property(plugin.video.embycon-view_item.11.type),movies) + String.IsEqual(Window(home).Property(TagHubNr),11)" content="EmbyConHubMovieTemplate">
			<param name="nr" value="11"/>
		</include>
		<include condition="String.IsEqual(Window(home).Property(plugin.video.embycon-view_item.12.type),movies) + String.IsEqual(Window(home).Property(TagHubNr),12)" content="EmbyConHubMovieTemplate">
			<param name="nr" value="12"/>
		</include>
		<include condition="String.IsEqual(Window(home).Property(plugin.video.embycon-view_item.13.type),movies) + String.IsEqual(Window(home).Property(TagHubNr),13)" content="EmbyConHubMovieTemplate">
			<param name="nr" value="13"/>
		</include>
		<include condition="String.IsEqual(Window(home).Property(plugin.video.embycon-view_item.14.type),movies) + String.IsEqual(Window(home).Property(TagHubNr),14)" content="EmbyConHubMovieTemplate">
			<param name="nr" value="14"/>
		</include>
		<include condition="String.IsEqual(Window(home).Property(plugin.video.embycon-view_item.15.type),movies) + String.IsEqual(Window(home).Property(TagHubNr),15)" content="EmbyConHubMovieTemplate">
			<param name="nr" value="15"/>
		</include>
		<include condition="String.IsEqual(Window(home).Property(plugin.video.embycon-view_item.16.type),movies) + String.IsEqual(Window(home).Property(TagHubNr),16)" content="EmbyConHubMovieTemplate">
			<param name="nr" value="16"/>
		</include>
		<include condition="String.IsEqual(Window(home).Property(plugin.video.embycon-view_item.17.type),movies) + String.IsEqual(Window(home).Property(TagHubNr),17)" content="EmbyConHubMovieTemplate">
			<param name="nr" value="17"/>
		</include>
		<include condition="String.IsEqual(Window(home).Property(plugin.video.embycon-view_item.18.type),movies) + String.IsEqual(Window(home).Property(TagHubNr),18)" content="EmbyConHubMovieTemplate">
			<param name="nr" value="18"/>
		</include>
		<include condition="String.IsEqual(Window(home).Property(plugin.video.embycon-view_item.19.type),movies) + String.IsEqual(Window(home).Property(TagHubNr),19)" content="EmbyConHubMovieTemplate">
			<param name="nr" value="19"/>
		</include>
		<include condition="String.IsEqual(Window(home).Property(plugin.video.embycon-view_item.20.type),movies) + String.IsEqual(Window(home).Property(TagHubNr),20)" content="EmbyConHubMovieTemplate">
			<param name="nr" value="20"/>
		</include>
		<include condition="String.IsEqual(Window(home).Property(plugin.video.embycon-view_item.21.type),movies) + String.IsEqual(Window(home).Property(TagHubNr),21)" content="EmbyConHubMovieTemplate">
			<param name="nr" value="21"/>
		</include>
		<include condition="String.IsEqual(Window(home).Property(plugin.video.embycon-view_item.22.type),movies) + String.IsEqual(Window(home).Property(TagHubNr),22)" content="EmbyConHubMovieTemplate">
			<param name="nr" value="22"/>
		</include>
		<include condition="String.IsEqual(Window(home).Property(plugin.video.embycon-view_item.23.type),movies) + String.IsEqual(Window(home).Property(TagHubNr),23)" content="EmbyConHubMovieTemplate">
			<param name="nr" value="23"/>
		</include>
		<include condition="String.IsEqual(Window(home).Property(plugin.video.embycon-view_item.24.type),movies) + String.IsEqual(Window(home).Property(TagHubNr),24)" content="EmbyConHubMovieTemplate">
			<param name="nr" value="24"/>
		</include>
		<include condition="String.IsEqual(Window(home).Property(plugin.video.embycon-view_item.25.type),movies) + String.IsEqual(Window(home).Property(TagHubNr),25)" content="EmbyConHubMovieTemplate">
			<param name="nr" value="25"/>
		</include>
		<include condition="String.IsEqual(Window(home).Property(plugin.video.embycon-view_item.26.type),movies) + String.IsEqual(Window(home).Property(TagHubNr),26)" content="EmbyConHubMovieTemplate">
			<param name="nr" value="26"/>
		</include>
		<include condition="String.IsEqual(Window(home).Property(plugin.video.embycon-view_item.27.type),movies) + String.IsEqual(Window(home).Property(TagHubNr),27)" content="EmbyConHubMovieTemplate">
			<param name="nr" value="27"/>
		</include>
		<include condition="String.IsEqual(Window(home).Property(plugin.video.embycon-view_item.28.type),movies) + String.IsEqual(Window(home).Property(TagHubNr),28)" content="EmbyConHubMovieTemplate">
			<param name="nr" value="28"/>
		</include>
		<include condition="String.IsEqual(Window(home).Property(plugin.video.embycon-view_item.29.type),movies) + String.IsEqual(Window(home).Property(TagHubNr),29)" content="EmbyConHubMovieTemplate">
			<param name="nr" value="29"/>
		</include>

		<include condition="String.IsEqual(Window(home).Property(plugin.video.embycon-view_item.0.type),tvshows) + String.IsEqual(Window(home).Property(TagHubNr),0)" content="EmbyConHubTVShowTemplate">
			<param name="nr" value="0"/>
		</include>
		<include condition="String.IsEqual(Window(home).Property(plugin.video.embycon-view_item.1.type),tvshows) + String.IsEqual(Window(home).Property(TagHubNr),1)" content="EmbyConHubTVShowTemplate">
			<param name="nr" value="1"/>
		</include>
		<include condition="String.IsEqual(Window(home).Property(plugin.video.embycon-view_item.2.type),tvshows) + String.IsEqual(Window(home).Property(TagHubNr),2)" content="EmbyConHubTVShowTemplate">
			<param name="nr" value="2"/>
		</include>
		<include condition="String.IsEqual(Window(home).Property(plugin.video.embycon-view_item.3.type),tvshows) + String.IsEqual(Window(home).Property(TagHubNr),3)" content="EmbyConHubTVShowTemplate">
			<param name="nr" value="3"/>
		</include>
		<include condition="String.IsEqual(Window(home).Property(plugin.video.embycon-view_item.4.type),tvshows) + String.IsEqual(Window(home).Property(TagHubNr),4)" content="EmbyConHubTVShowTemplate">
			<param name="nr" value="4"/>
		</include>
		<include condition="String.IsEqual(Window(home).Property(plugin.video.embycon-view_item.5.type),tvshows) + String.IsEqual(Window(home).Property(TagHubNr),5)" content="EmbyConHubTVShowTemplate">
			<param name="nr" value="5"/>
		</include>
		<include condition="String.IsEqual(Window(home).Property(plugin.video.embycon-view_item.6.type),tvshows) + String.IsEqual(Window(home).Property(TagHubNr),6)" content="EmbyConHubTVShowTemplate">
			<param name="nr" value="6"/>
		</include>
		<include condition="String.IsEqual(Window(home).Property(plugin.video.embycon-view_item.7.type),tvshows) + String.IsEqual(Window(home).Property(TagHubNr),7)" content="EmbyConHubTVShowTemplate">
			<param name="nr" value="7"/>
		</include>
		<include condition="String.IsEqual(Window(home).Property(plugin.video.embycon-view_item.8.type),tvshows) + String.IsEqual(Window(home).Property(TagHubNr),8)" content="EmbyConHubTVShowTemplate">
			<param name="nr" value="8"/>
		</include>
		<include condition="String.IsEqual(Window(home).Property(plugin.video.embycon-view_item.9.type),tvshows) + String.IsEqual(Window(home).Property(TagHubNr),9)" content="EmbyConHubTVShowTemplate">
			<param name="nr" value="9"/>
		</include>
		<include condition="String.IsEqual(Window(home).Property(plugin.video.embycon-view_item.10.type),tvshows) + String.IsEqual(Window(home).Property(TagHubNr),10)" content="EmbyConHubTVShowTemplate">
			<param name="nr" value="10"/>
		</include>
		<include condition="String.IsEqual(Window(home).Property(plugin.video.embycon-view_item.11.type),tvshows) + String.IsEqual(Window(home).Property(TagHubNr),11)" content="EmbyConHubTVShowTemplate">
			<param name="nr" value="11"/>
		</include>
		<include condition="String.IsEqual(Window(home).Property(plugin.video.embycon-view_item.12.type),tvshows) + String.IsEqual(Window(home).Property(TagHubNr),12)" content="EmbyConHubTVShowTemplate">
			<param name="nr" value="12"/>
		</include>
		<include condition="String.IsEqual(Window(home).Property(plugin.video.embycon-view_item.13.type),tvshows) + String.IsEqual(Window(home).Property(TagHubNr),13)" content="EmbyConHubTVShowTemplate">
			<param name="nr" value="13"/>
		</include>
		<include condition="String.IsEqual(Window(home).Property(plugin.video.embycon-view_item.14.type),tvshows) + String.IsEqual(Window(home).Property(TagHubNr),14)" content="EmbyConHubTVShowTemplate">
			<param name="nr" value="14"/>
		</include>
		<include condition="String.IsEqual(Window(home).Property(plugin.video.embycon-view_item.15.type),tvshows) + String.IsEqual(Window(home).Property(TagHubNr),15)" content="EmbyConHubTVShowTemplate">
			<param name="nr" value="15"/>
		</include>
		<include condition="String.IsEqual(Window(home).Property(plugin.video.embycon-view_item.16.type),tvshows) + String.IsEqual(Window(home).Property(TagHubNr),16)" content="EmbyConHubTVShowTemplate">
			<param name="nr" value="16"/>
		</include>
		<include condition="String.IsEqual(Window(home).Property(plugin.video.embycon-view_item.17.type),tvshows) + String.IsEqual(Window(home).Property(TagHubNr),17)" content="EmbyConHubTVShowTemplate">
			<param name="nr" value="17"/>
		</include>
		<include condition="String.IsEqual(Window(home).Property(plugin.video.embycon-view_item.18.type),tvshows) + String.IsEqual(Window(home).Property(TagHubNr),18)" content="EmbyConHubTVShowTemplate">
			<param name="nr" value="18"/>
		</include>
		<include condition="String.IsEqual(Window(home).Property(plugin.video.embycon-view_item.19.type),tvshows) + String.IsEqual(Window(home).Property(TagHubNr),19)" content="EmbyConHubTVShowTemplate">
			<param name="nr" value="19"/>
		</include>
		<include condition="String.IsEqual(Window(home).Property(plugin.video.embycon-view_item.20.type),tvshows) + String.IsEqual(Window(home).Property(TagHubNr),20)" content="EmbyConHubTVShowTemplate">
			<param name="nr" value="20"/>
		</include>
		<include condition="String.IsEqual(Window(home).Property(plugin.video.embycon-view_item.21.type),tvshows) + String.IsEqual(Window(home).Property(TagHubNr),21)" content="EmbyConHubTVShowTemplate">
			<param name="nr" value="21"/>
		</include>
		<include condition="String.IsEqual(Window(home).Property(plugin.video.embycon-view_item.22.type),tvshows) + String.IsEqual(Window(home).Property(TagHubNr),22)" content="EmbyConHubTVShowTemplate">
			<param name="nr" value="22"/>
		</include>
		<include condition="String.IsEqual(Window(home).Property(plugin.video.embycon-view_item.23.type),tvshows) + String.IsEqual(Window(home).Property(TagHubNr),23)" content="EmbyConHubTVShowTemplate">
			<param name="nr" value="23"/>
		</include>
		<include condition="String.IsEqual(Window(home).Property(plugin.video.embycon-view_item.24.type),tvshows) + String.IsEqual(Window(home).Property(TagHubNr),24)" content="EmbyConHubTVShowTemplate">
			<param name="nr" value="24"/>
		</include>
		<include condition="String.IsEqual(Window(home).Property(plugin.video.embycon-view_item.25.type),tvshows) + String.IsEqual(Window(home).Property(TagHubNr),25)" content="EmbyConHubTVShowTemplate">
			<param name="nr" value="25"/>
		</include>
		<include condition="String.IsEqual(Window(home).Property(plugin.video.embycon-view_item.26.type),tvshows) + String.IsEqual(Window(home).Property(TagHubNr),26)" content="EmbyConHubTVShowTemplate">
			<param name="nr" value="26"/>
		</include>
		<include condition="String.IsEqual(Window(home).Property(plugin.video.embycon-view_item.27.type),tvshows) + String.IsEqual(Window(home).Property(TagHubNr),27)" content="EmbyConHubTVShowTemplate">
			<param name="nr" value="27"/>
		</include>
		<include condition="String.IsEqual(Window(home).Property(plugin.video.embycon-view_item.28.type),tvshows) + String.IsEqual(Window(home).Property(TagHubNr),28)" content="EmbyConHubTVShowTemplate">
			<param name="nr" value="28"/>
		</include>
		<include condition="String.IsEqual(Window(home).Property(plugin.video.embycon-view_item.29.type),tvshows) + String.IsEqual(Window(home).Property(TagHubNr),29)" content="EmbyConHubTVShowTemplate">
			<param name="nr" value="29"/>
		</include>

		<include condition="String.IsEqual(Window(home).Property(plugin.video.embycon-view_item.0.type),music) + String.IsEqual(Window(home).Property(TagHubNr),0)" content="EmbyConHubMusicTemplate">
			<param name="nr" value="0"/>
		</include>
		<include condition="String.IsEqual(Window(home).Property(plugin.video.embycon-view_item.1.type),music) + String.IsEqual(Window(home).Property(TagHubNr),1)" content="EmbyConHubMusicTemplate">
			<param name="nr" value="1"/>
		</include>
		<include condition="String.IsEqual(Window(home).Property(plugin.video.embycon-view_item.2.type),music) + String.IsEqual(Window(home).Property(TagHubNr),2)" content="EmbyConHubMusicTemplate">
			<param name="nr" value="2"/>
		</include>
		<include condition="String.IsEqual(Window(home).Property(plugin.video.embycon-view_item.3.type),music) + String.IsEqual(Window(home).Property(TagHubNr),3)" content="EmbyConHubMusicTemplate">
			<param name="nr" value="3"/>
		</include>
		<include condition="String.IsEqual(Window(home).Property(plugin.video.embycon-view_item.4.type),music) + String.IsEqual(Window(home).Property(TagHubNr),4)" content="EmbyConHubMusicTemplate">
			<param name="nr" value="4"/>
		</include>
		<include condition="String.IsEqual(Window(home).Property(plugin.video.embycon-view_item.5.type),music) + String.IsEqual(Window(home).Property(TagHubNr),5)" content="EmbyConHubMusicTemplate">
			<param name="nr" value="5"/>
		</include>
		<include condition="String.IsEqual(Window(home).Property(plugin.video.embycon-view_item.6.type),music) + String.IsEqual(Window(home).Property(TagHubNr),6)" content="EmbyConHubMusicTemplate">
			<param name="nr" value="6"/>
		</include>
		<include condition="String.IsEqual(Window(home).Property(plugin.video.embycon-view_item.7.type),music) + String.IsEqual(Window(home).Property(TagHubNr),7)" content="EmbyConHubMusicTemplate">
			<param name="nr" value="7"/>
		</include>
		<include condition="String.IsEqual(Window(home).Property(plugin.video.embycon-view_item.8.type),music) + String.IsEqual(Window(home).Property(TagHubNr),8)" content="EmbyConHubMusicTemplate">
			<param name="nr" value="8"/>
		</include>
		<include condition="String.IsEqual(Window(home).Property(plugin.video.embycon-view_item.9.type),music) + String.IsEqual(Window(home).Property(TagHubNr),9)" content="EmbyConHubMusicTemplate">
			<param name="nr" value="9"/>
		</include>
		<include condition="String.IsEqual(Window(home).Property(plugin.video.embycon-view_item.10.type),music) + String.IsEqual(Window(home).Property(TagHubNr),10)" content="EmbyConHubMusicTemplate">
			<param name="nr" value="10"/>
		</include>
		<include condition="String.IsEqual(Window(home).Property(plugin.video.embycon-view_item.11.type),music) + String.IsEqual(Window(home).Property(TagHubNr),11)" content="EmbyConHubMusicTemplate">
			<param name="nr" value="11"/>
		</include>
		<include condition="String.IsEqual(Window(home).Property(plugin.video.embycon-view_item.12.type),music) + String.IsEqual(Window(home).Property(TagHubNr),12)" content="EmbyConHubMusicTemplate">
			<param name="nr" value="12"/>
		</include>
		<include condition="String.IsEqual(Window(home).Property(plugin.video.embycon-view_item.13.type),music) + String.IsEqual(Window(home).Property(TagHubNr),13)" content="EmbyConHubMusicTemplate">
			<param name="nr" value="13"/>
		</include>
		<include condition="String.IsEqual(Window(home).Property(plugin.video.embycon-view_item.14.type),music) + String.IsEqual(Window(home).Property(TagHubNr),14)" content="EmbyConHubMusicTemplate">
			<param name="nr" value="14"/>
		</include>
		<include condition="String.IsEqual(Window(home).Property(plugin.video.embycon-view_item.15.type),music) + String.IsEqual(Window(home).Property(TagHubNr),15)" content="EmbyConHubMusicTemplate">
			<param name="nr" value="15"/>
		</include>
		<include condition="String.IsEqual(Window(home).Property(plugin.video.embycon-view_item.16.type),music) + String.IsEqual(Window(home).Property(TagHubNr),16)" content="EmbyConHubMusicTemplate">
			<param name="nr" value="16"/>
		</include>
		<include condition="String.IsEqual(Window(home).Property(plugin.video.embycon-view_item.17.type),music) + String.IsEqual(Window(home).Property(TagHubNr),17)" content="EmbyConHubMusicTemplate">
			<param name="nr" value="17"/>
		</include>
		<include condition="String.IsEqual(Window(home).Property(plugin.video.embycon-view_item.18.type),music) + String.IsEqual(Window(home).Property(TagHubNr),18)" content="EmbyConHubMusicTemplate">
			<param name="nr" value="18"/>
		</include>
		<include condition="String.IsEqual(Window(home).Property(plugin.video.embycon-view_item.19.type),music) + String.IsEqual(Window(home).Property(TagHubNr),19)" content="EmbyConHubMusicTemplate">
			<param name="nr" value="19"/>
		</include>
		<include condition="String.IsEqual(Window(home).Property(plugin.video.embycon-view_item.20.type),music) + String.IsEqual(Window(home).Property(TagHubNr),20)" content="EmbyConHubMusicTemplate">
			<param name="nr" value="20"/>
		</include>
		<include condition="String.IsEqual(Window(home).Property(plugin.video.embycon-view_item.21.type),music) + String.IsEqual(Window(home).Property(TagHubNr),21)" content="EmbyConHubMusicTemplate">
			<param name="nr" value="21"/>
		</include>
		<include condition="String.IsEqual(Window(home).Property(plugin.video.embycon-view_item.22.type),music) + String.IsEqual(Window(home).Property(TagHubNr),22)" content="EmbyConHubMusicTemplate">
			<param name="nr" value="22"/>
		</include>
		<include condition="String.IsEqual(Window(home).Property(plugin.video.embycon-view_item.23.type),music) + String.IsEqual(Window(home).Property(TagHubNr),23)" content="EmbyConHubMusicTemplate">
			<param name="nr" value="23"/>
		</include>
		<include condition="String.IsEqual(Window(home).Property(plugin.video.embycon-view_item.24.type),music) + String.IsEqual(Window(home).Property(TagHubNr),24)" content="EmbyConHubMusicTemplate">
			<param name="nr" value="24"/>
		</include>
		<include condition="String.IsEqual(Window(home).Property(plugin.video.embycon-view_item.25.type),music) + String.IsEqual(Window(home).Property(TagHubNr),25)" content="EmbyConHubMusicTemplate">
			<param name="nr" value="25"/>
		</include>
		<include condition="String.IsEqual(Window(home).Property(plugin.video.embycon-view_item.26.type),music) + String.IsEqual(Window(home).Property(TagHubNr),26)" content="EmbyConHubMusicTemplate">
			<param name="nr" value="26"/>
		</include>
		<include condition="String.IsEqual(Window(home).Property(plugin.video.embycon-view_item.27.type),music) + String.IsEqual(Window(home).Property(TagHubNr),27)" content="EmbyConHubMusicTemplate">
			<param name="nr" value="27"/>
		</include>
		<include condition="String.IsEqual(Window(home).Property(plugin.video.embycon-view_item.28.type),music) + String.IsEqual(Window(home).Property(TagHubNr),28)" content="EmbyConHubMusicTemplate">
			<param name="nr" value="28"/>
		</include>
		<include condition="String.IsEqual(Window(home).Property(plugin.video.embycon-view_item.29.type),music) + String.IsEqual(Window(home).Property(TagHubNr),29)" content="EmbyConHubMusicTemplate">
			<param name="nr" value="29"/>
		</include>

	</controls>
</window>
