<?xml version="1.0" encoding="UTF-8"?>
<includes>
	<include name="SettingsEmbuary">
		<content>
			<item>
				<label>$LOCALIZE[128]</label>
				<label2>&#xf35c;</label2>
				<onclick>ActivateWindowAndFocus(skinsettings,101,return)</onclick>
			</item>
			<item>
				<label>$LOCALIZE[31331]</label>
				<label2>&#xF835;</label2>
				<onclick>ActivateWindowAndFocus(skinsettings,105,return)</onclick>
			</item>
			<item>
				<label>$LOCALIZE[31125]</label>
				<label2>&#xf72b;</label2>
				<onclick>ActivateWindowAndFocus(skinsettings,102,return)</onclick>
			</item>
			<item>
				<label>$LOCALIZE[480]</label>
				<label2>&#xf266;</label2>
				<onclick>ActivateWindowAndFocus(skinsettings,103,return)</onclick>
			</item>
			<item>
				<label>$LOCALIZE[31330]</label>
				<label2>&#xf939;</label2>
				<onclick>ActivateWindowAndFocus(skinsettings,104,return)</onclick>
			</item>
			<item>
				<label>$LOCALIZE[31224]</label>
				<label2>&#xf425;</label2>
				<onclick>ActivateWindowAndFocus(skinsettings,106,return)</onclick>
			</item>
			<item>
				<label>$LOCALIZE[31276]</label>
				<label2>&#xf03b;</label2>
				<onclick>ActivateWindowAndFocus(skinsettings,107,return)</onclick>
			</item>
			<item>
				<label>$LOCALIZE[31298]</label>
				<label2>&#xf2d6;</label2>
				<onclick>ActivateWindowAndFocus(skinsettings,108,return)</onclick>
			</item>
			<item>
				<label>$LOCALIZE[31342]</label>
				<label2>&#xfb54;</label2>
				<onclick>RunScript(script.embuary.helper,action=txtfile,path=special://skin/changelog.txt,header=$LOCALIZE[24036])</onclick>
			</item>
		</content>
	</include>
	<include name="SettingsSys">
		<content>
			<item>
				<label>$LOCALIZE[14209]</label>
				<label2>&#xf493;</label2>
				<onclick>ActivateWindow(SystemSettings)</onclick>
			</item>
			<item>
				<label>$INFO[System.AddonTitle(service.coreelec.settings)]</label>
				<label2>&#xf43f;</label2>
				<onclick>RunAddon(service.coreelec.settings)</onclick>
				<visible>System.HasAddon(service.coreelec.settings)</visible>
			</item>
			<item>
				<label>$INFO[System.AddonTitle(service.libreelec.settings)]</label>
				<label2>&#xf43f;</label2>
				<onclick>RunAddon(service.libreelec.settings)</onclick>
				<visible>System.HasAddon(service.libreelec.settings)</visible>
			</item>
			<item>
				<label>$INFO[System.AddonTitle(service.osmc.settings)]</label>
				<label2>&#xf43f;</label2>
				<onclick>RunAddon(service.osmc.settings)</onclick>
				<visible>System.HasAddon(service.osmc.settings)</visible>
			</item>
			<item>
				<label>$LOCALIZE[14208]</label>
				<label2>&#xf86f;</label2>
				<onclick>ActivateWindow(ServiceSettings)</onclick>
			</item>
			<item>
				<label>$LOCALIZE[14201]</label>
				<label2>&#xf95f;</label2>
				<onclick>ActivateWindow(PlayerSettings)</onclick>
			</item>
			<item>
				<label>$LOCALIZE[14212]</label>
				<label2>&#xfcdd;</label2>
				<onclick>ActivateWindow(MediaSettings)</onclick>
			</item>
			<item>
				<label>$LOCALIZE[14205]</label>
				<label2>&#xf7f3;</label2>
				<onclick>ActivateWindow(PVRSettings)</onclick>
			</item>
			<item>
				<label>$LOCALIZE[138]</label>
				<label2>&#xf61a;</label2>
				<onclick>ActivateWindow(systeminfo)</onclick>
			</item>
			<item>
				<label>$LOCALIZE[31108]</label>
				<label2>&#xfb4c;</label2>
				<onclick>ActivateWindow(eventlog)</onclick>
			</item>
		</content>
	</include>
	<include name="SettingsKodi">
		<content>
			<item>
				<label>$LOCALIZE[14207]</label>
				<label2>&#xfa06;</label2>
				<onclick>ActivateWindow(InterfaceSettings)</onclick>
			</item>
			<item>
				<label>$LOCALIZE[14210]</label>
				<label2>&#xf004;</label2>
				<onclick>ActivateWindow(Profiles)</onclick>
			</item>
			<item>
				<label>$LOCALIZE[10003]</label>
				<label2>&#xf214;</label2>
				<onclick>ActivateWindow(filemanager)</onclick>
			</item>
			<item>
				<label>$LOCALIZE[653]</label>
				<label2>&#xfcdb;</label2>
				<onclick>UpdateLibrary(video)</onclick>
				<onclick>UpdateLibrary(music)</onclick>
			</item>
			<item>
				<label>$LOCALIZE[31299]</label>
				<label2>&#xf314;</label2>
				<onclick condition="System.HasAddon(script.kodi.windows.update)">RunScript(script.kodi.windows.update)</onclick>
				<onclick condition="System.HasAddon(script.kodi.android.update)">RunScript(script.kodi.android.update)</onclick>
				<onclick condition="System.Platform.Windows + !System.HasAddon(script.kodi.windows.update)">InstallAddon(script.kodi.windows.update)</onclick>
				<onclick condition="System.Platform.Android + !System.HasAddon(script.kodi.Android.update)">InstallAddon(script.kodi.android.update)</onclick>
				<visible>System.Platform.Android | System.Platform.Windows</visible>
			</item>
			<item>
				<label>$LOCALIZE[31337]</label>
				<label2>&#xf552;</label2>
				<onclick condition="!System.HasAddon(script.kodi.loguploader)">InstallAddon(script.kodi.loguploader)</onclick>
				<onclick>RunScript(script.kodi.loguploader)</onclick>
			</item>
			<item>
				<label>$LOCALIZE[31190]</label>
				<label2>&#xf1da;</label2>
				<onclick>RunScript(script.skin.helper.skinbackup)</onclick>
				<visible>System.HasAddon(script.skin.helper.skinbackup)</visible>
			</item>
		</content>
	</include>
	<include name="SettingsAddons">
		<content>
			<item>
				<label>$LOCALIZE[10040]</label>
				<label2>&#xf967;</label2>
				<onclick>ActivateWindow(addonbrowser,return)</onclick>
			</item>
			<item>
				<label>$LOCALIZE[8]</label>
				<label2>&#xf595;</label2>
				<onclick>ActivateWindow(ServiceSettings,weather)</onclick>
			</item>
			<item>
				<label>$LOCALIZE[31338]</label>
				<label2>&#xfd76;</label2>
				<onclick>ActivateWindow(addonbrowser,addons://running,return)</onclick>
			</item>
			<item>
				<label>$LOCALIZE[39024]</label>
				<label2>&#xf03b;</label2>
				<onclick>ActivateWindow(addonbrowser,addons://dependencies,return)</onclick>
			</item>
			<item>
				<label>$LOCALIZE[31129]</label>
				<label2>&#xf450;</label2>
				<onclick>Notification($LOCALIZE[24001],$LOCALIZE[31162])</onclick>
				<onclick>UpdateAddonRepos</onclick>
				<onclick>UpdateLocalAddons</onclick>
			</item>
		</content>
	</include>
	<include name="SettingAddons">
		<content>
			<item>
				<label>$INFO[System.AddonTitle(plugin.video.emby)]</label>
				<label2>&#xf6b3;</label2>
				<onclick>Addon.OpenSettings(plugin.video.emby)</onclick>
				<visible>System.HasAddon(plugin.video.emby)</visible>
			</item>
			<item>
				<label>$INFO[System.AddonTitle(plugin.video.embycon)]</label>
				<label2>&#xf6b3;</label2>
				<onclick>Addon.OpenSettings(plugin.video.embycon)</onclick>
				<visible>System.HasAddon(plugin.video.embycon)</visible>
			</item>
			<item>
				<label>$INFO[System.AddonTitle(script.viewmaster)]</label>
				<label2>&#xf56c;</label2>
				<onclick>RunScript(script.viewmaster)</onclick>
				<visible>System.HasAddon(script.viewmaster)</visible>
			</item>
			<item>
				<label>$INFO[System.AddonTitle(plugin.video.plexbmc)]</label>
				<label2>&#xf6b9;</label2>
				<onclick>Addon.OpenSettings(plugin.video.plexbmc)</onclick>
				<visible>System.HasAddon(plugin.video.plexbmc)</visible>
			</item>
			<item>
				<label>$INFO[System.AddonTitle(plugin.video.plexkodiconnect)]</label>
				<label2>&#xf6b9;</label2>
				<onclick>Addon.OpenSettings(plugin.video.plexkodiconnect)</onclick>
				<visible>System.HasAddon(plugin.video.plexkodiconnect)</visible>
			</item>
			<item>
				<label>$INFO[System.AddonTitle(script.embuary.info)]</label>
				<label2>&#xf64e;</label2>
				<onclick>Addon.OpenSettings(script.embuary.info)</onclick>
				<visible>System.HasAddon(script.embuary.info)</visible>
			</item>
			<item>
				<label>$INFO[System.AddonTitle(service.upnext)]</label>
				<label2>&#xf411;</label2>
				<onclick>Addon.OpenSettings(service.upnext)</onclick>
				<visible>System.HasAddon(service.upnext)</visible>
			</item>
			<item>
				<label>$INFO[System.AddonTitle(script.tv.show.next.aired)]</label>
				<label2>&#xf838;</label2>
				<onclick>Addon.OpenSettings(script.tv.show.next.aired)</onclick>
				<visible>System.HasAddon(script.tv.show.next.aired)</visible>
			</item>
			<item>
				<label>$INFO[System.AddonTitle(script.artistslideshow)]</label>
				<label2>&#xf802;</label2>
				<onclick>Addon.OpenSettings(script.artistslideshow)</onclick>
				<visible>System.HasAddon(script.artistslideshow)</visible>
			</item>
			<item>
				<label>$INFO[System.AddonTitle(script.embuary.helper)]</label>
				<label2>&#xf494;</label2>
				<onclick>Addon.OpenSettings(script.embuary.helper)</onclick>
				<visible>System.HasAddon(script.embuary.helper)</visible>
			</item>
		</content>
	</include>
</includes>