<?xml version="1.0" encoding="UTF-8"?>
<addon id="repository.clark.kodi" name="Clark's Kodi Repository" version="1.0.2" provider-name="Clark">
    <requires>
        <import addon="xbmc.addon" version="12.0.0"/>
    </requires>
    <extension point="xbmc.addon.repository" name="Clark's Kodi Repository">
        <info compressed="false">https://raw.githubusercontent.com/cdbassett/cdbassetts-kodi-repo/master/addons.xml</info>
        <checksum>https://raw.githubusercontent.com/cdbassett/cdbassetts-kodi-repo/master/addons.xml.md5</checksum>
        <datadir zip="true">https://raw.githubusercontent.com/cdbassett/cdbassetts-kodi-repo/master</datadir>
        <hashes>false</hashes>
    </extension>
    <extension point="xbmc.addon.metadata">
        <summary>Mostly modified versions of addons to suit my needs.</summary>
        <description>Mostly modified versions of addons to suit my needs.</description>
        <platform>all</platform>
    </extension>
</addon>