<?xml version='1.0' encoding='UTF-8'?>
<shortcuts>
	<shortcut>
		<defaultID>embuary_moviehub_movies</defaultID>
		<label>$LOCALIZE[31180]</label>
		<label2/>
		<icon/>
		<thumb/>
		<action>ActivateWindow(videos,library://video/movies/titles.xml/,return)</action>
		<visible>Library.HasContent(movies)</visible>
	</shortcut>
	<shortcut>
		<defaultID>embuary_moviehub_collections</defaultID>
		<label>31169</label>
		<label2/>
		<icon/>
		<thumb/>
		<action>ActivateWindow(videos,library://video/movies/sets.xml/,return)</action>
		<visible>Library.HasContent(MovieSets)</visible>
	</shortcut>
	<shortcut>
		<defaultID>embuary_moviehub_unwatched</defaultID>
		<label>$LOCALIZE[31209]</label>
		<label2/>
		<icon/>
		<thumb/>
		<action>ActivateWindow(videos,special://skin/playlists/video/UnwatchedMovies.xsp,return)</action>
		<visible>Library.HasContent(movies)</visible>
	</shortcut>
	<shortcut>
		<defaultID>embuary_moviehub_genres</defaultID>
		<label>$LOCALIZE[135]</label>
		<label2/>
		<icon/>
		<thumb/>
		<action>movies_genre</action>
		<visible>Library.HasContent(movies)</visible>
	</shortcut>
	<shortcut>
		<defaultID>embuary_moviehub_recommended</defaultID>
		<label>$LOCALIZE[31017]</label>
		<label2/>
		<icon/>
		<thumb/>
		<action>recommended</action>
		<visible>Library.HasContent(movies)</visible>
	</shortcut>
	<shortcut>
		<defaultID>embuary_moviehub_embycon_movies</defaultID>
		<label>$LOCALIZE[31160]</label>
		<label2/>
		<icon/>
		<thumb/>
		<action>embycon_movies</action>
		<visible>System.HasAddon(plugin.video.embycon)</visible>
	</shortcut>
	<shortcut>
		<defaultID>embuary_moviehub_library</defaultID>
		<label>$LOCALIZE[14022]</label>
		<label2/>
		<icon/>
		<thumb/>
		<action>ActivateWindow(videos,library://video/movies/,return)</action>
		<visible>Library.HasContent(movies)</visible>
	</shortcut>
</shortcuts>
