<?xml version="1.0" encoding="UTF-8"?>
<window id="1146" type="dialog">
	<zorder>100</zorder>
	<visible>Skin.HasSetting(DebugInfo)</visible>
	<controls>
		<control type="group">
			<!-- artworks -->
			<control type="grouplist">
				<visible>Window.IsVisible(fullscreenvideo) | Window.IsVisible(visualisation)</visible>
				<left>15</left>
				<top>70</top>
				<width>49%</width>
				<height>50%</height>
				<itemgap>12</itemgap>
				<visible>true</visible>
				<!-- List Items -->
				<control type="label">
					<height>20</height>
					<width>auto</width>
					<textcolor>yellow</textcolor>
					<shadowcolor>FF000000</shadowcolor>
					<font>font_flag</font>
					<align>left</align>
					<label>Cover $INFO[MusicPlayer.Cover,[COLOR FF5BE5EE]','[/COLOR]]</label>
					<visible>Window.IsVisible(visualisation)</visible>
				</control>
				<!-- List Items -->
				<control type="label">
					<height>20</height>
					<width>auto</width>
					<textcolor>yellow</textcolor>
					<shadowcolor>FF000000</shadowcolor>
					<font>font_flag</font>
					<align>left</align>
					<label>Cover $INFO[VideoPlayer.Cover,[COLOR FF5BE5EE]','[/COLOR]]</label>
					<visible>Window.IsVisible(fullscreenvideo)</visible>
				</control>
				<!-- List Items -->
				<control type="label">
					<height>20</height>
					<width>auto</width>
					<textcolor>yellow</textcolor>
					<shadowcolor>FF000000</shadowcolor>
					<font>font_flag</font>
					<align>left</align>
					<label>tvshow.fanart $INFO[Player.Art(tvshow.fanart),[COLOR FF5BE5EE]','[/COLOR]]</label>
				</control>
				<!-- List Items -->
				<control type="label">
					<height>20</height>
					<width>auto</width>
					<textcolor>yellow</textcolor>
					<shadowcolor>FF000000</shadowcolor>
					<font>font_flag</font>
					<align>left</align>
					<label>tvshow.fanart $INFO[Player.Art(tvshow.fanart),[COLOR FF5BE5EE]','[/COLOR]]</label>
				</control>
				<control type="label">
					<height>20</height>
					<width>auto</width>
					<textcolor>yellow</textcolor>
					<shadowcolor>FF000000</shadowcolor>
					<font>font_flag</font>
					<align>left</align>
					<label>tvshow.poster $INFO[Player.Art(tvshow.poster),[COLOR FF5BE5EE]','[/COLOR]]</label>
				</control>
				<control type="label">
					<height>20</height>
					<width>auto</width>
					<textcolor>yellow</textcolor>
					<shadowcolor>FF000000</shadowcolor>
					<font>font_flag</font>
					<align>left</align>
					<label>tvshow.landscape $INFO[Player.Art(tvshow.landscape),[COLOR FF5BE5EE]','[/COLOR]]</label>
				</control>
				<control type="label">
					<height>20</height>
					<width>auto</width>
					<textcolor>yellow</textcolor>
					<shadowcolor>FF000000</shadowcolor>
					<font>font_flag</font>
					<align>left</align>
					<label>tvshow.clearart $INFO[Player.Art(tvshow.clearart),[COLOR FF5BE5EE]','[/COLOR]]</label>
				</control>
				<control type="label">
					<height>20</height>
					<width>auto</width>
					<textcolor>yellow</textcolor>
					<shadowcolor>FF000000</shadowcolor>
					<font>font_flag</font>
					<align>left</align>
					<label>tvshow.clearlogo $INFO[Player.Art(tvshow.clearlogo),[COLOR FF5BE5EE]','[/COLOR]]</label>
				</control>
				<control type="label">
					<height>20</height>
					<width>auto</width>
					<textcolor>yellow</textcolor>
					<shadowcolor>FF000000</shadowcolor>
					<font>font_flag</font>
					<align>left</align>
					<label>tvshow.banner $INFO[Player.Art(tvshow.banner),[COLOR FF5BE5EE]','[/COLOR]]</label>
				</control>
				<control type="label">
					<height>20</height>
					<width>auto</width>
					<textcolor>yellow</textcolor>
					<shadowcolor>FF000000</shadowcolor>
					<font>font_flag</font>
					<align>left</align>
					<label>fanart $INFO[Player.Art(fanart),[COLOR FF5BE5EE]','[/COLOR]]</label>
				</control>
				<control type="label">
					<height>20</height>
					<width>auto</width>
					<textcolor>yellow</textcolor>
					<shadowcolor>FF000000</shadowcolor>
					<font>font_flag</font>
					<align>left</align>
					<label>banner $INFO[Player.Art(banner),[COLOR FF5BE5EE]','[/COLOR]]</label>
				</control>
				<control type="label">
					<height>20</height>
					<width>auto</width>
					<textcolor>yellow</textcolor>
					<shadowcolor>FF000000</shadowcolor>
					<font>font_flag</font>
					<align>left</align>
					<label>clearlogo $INFO[Player.Art(clearlogo),[COLOR FF5BE5EE]','[/COLOR]]</label>
				</control>
				<control type="label">
					<height>20</height>
					<width>auto</width>
					<textcolor>yellow</textcolor>
					<shadowcolor>FF000000</shadowcolor>
					<font>font_flag</font>
					<align>left</align>
					<label>landscape $INFO[Player.Art(landscape),[COLOR FF5BE5EE]','[/COLOR]]</label>
				</control>
				<control type="label">
					<height>20</height>
					<width>auto</width>
					<textcolor>yellow</textcolor>
					<shadowcolor>FF000000</shadowcolor>
					<font>font_flag</font>
					<align>left</align>
					<label>clearart $INFO[Player.Art(clearart),[COLOR FF5BE5EE]','[/COLOR]]</label>
				</control>
				<control type="label">
					<height>20</height>
					<width>auto</width>
					<textcolor>yellow</textcolor>
					<shadowcolor>FF000000</shadowcolor>
					<font>font_flag</font>
					<align>left</align>
					<label>poster $INFO[Player.Art(poster),[COLOR FF5BE5EE]','[/COLOR]]</label>
				</control>
				<control type="label">
					<height>20</height>
					<width>auto</width>
					<textcolor>yellow</textcolor>
					<shadowcolor>FF000000</shadowcolor>
					<font>font_flag</font>
					<align>left</align>
					<label>discart $INFO[Player.Art(discart),[COLOR FF5BE5EE]','[/COLOR]]</label>
				</control>
				<control type="label">
					<height>20</height>
					<width>auto</width>
					<textcolor>yellow</textcolor>
					<shadowcolor>FF000000</shadowcolor>
					<font>font_flag</font>
					<align>left</align>
					<label>thumb $INFO[Player.Art(thumb),[COLOR FF5BE5EE]','[/COLOR]]</label>
				</control>
				<control type="label">
					<height>20</height>
					<width>auto</width>
					<textcolor>yellow</textcolor>
					<shadowcolor>FF000000</shadowcolor>
					<font>font_flag</font>
					<align>left</align>
					<label>actual icon $INFO[Player.ActualIcon,[COLOR FF5BE5EE]','[/COLOR]]</label>
				</control>
			</control>
			<!-- artworks -->
			<control type="grouplist">
				<visible>!Window.IsVisible(fullscreenvideo) + !Window.IsVisible(visualisation)</visible>
				<left>15</left>
				<top>70</top>
				<width>49%</width>
				<height>50%</height>
				<itemgap>12</itemgap>
				<visible>true</visible>
				<!-- List Items -->
				<control type="label">
					<height>20</height>
					<width>auto</width>
					<textcolor>yellow</textcolor>
					<shadowcolor>FF000000</shadowcolor>
					<font>font_flag</font>
					<align>left</align>
					<label>tvshow.fanart $INFO[ListItem.Art(tvshow.fanart),[COLOR FF5BE5EE]','[/COLOR]]</label>
				</control>
				<control type="label">
					<height>20</height>
					<width>auto</width>
					<textcolor>yellow</textcolor>
					<shadowcolor>FF000000</shadowcolor>
					<font>font_flag</font>
					<align>left</align>
					<label>tvshow.poster $INFO[ListItem.Art(tvshow.poster),[COLOR FF5BE5EE]','[/COLOR]]</label>
				</control>
				<control type="label">
					<height>20</height>
					<width>auto</width>
					<textcolor>yellow</textcolor>
					<shadowcolor>FF000000</shadowcolor>
					<font>font_flag</font>
					<align>left</align>
					<label>tvshow.landscape $INFO[ListItem.Art(tvshow.landscape),[COLOR FF5BE5EE]','[/COLOR]]</label>
				</control>
				<control type="label">
					<height>20</height>
					<width>auto</width>
					<textcolor>yellow</textcolor>
					<shadowcolor>FF000000</shadowcolor>
					<font>font_flag</font>
					<align>left</align>
					<label>tvshow.clearart $INFO[ListItem.Art(tvshow.clearart),[COLOR FF5BE5EE]','[/COLOR]]</label>
				</control>
				<control type="label">
					<height>20</height>
					<width>auto</width>
					<textcolor>yellow</textcolor>
					<shadowcolor>FF000000</shadowcolor>
					<font>font_flag</font>
					<align>left</align>
					<label>tvshow.clearlogo $INFO[ListItem.Art(tvshow.clearlogo),[COLOR FF5BE5EE]','[/COLOR]]</label>
				</control>
				<control type="label">
					<height>20</height>
					<width>auto</width>
					<textcolor>yellow</textcolor>
					<shadowcolor>FF000000</shadowcolor>
					<font>font_flag</font>
					<align>left</align>
					<label>tvshow.banner $INFO[ListItem.Art(tvshow.banner),[COLOR FF5BE5EE]','[/COLOR]]</label>
				</control>
				<control type="label">
					<height>20</height>
					<width>auto</width>
					<textcolor>yellow</textcolor>
					<shadowcolor>FF000000</shadowcolor>
					<font>font_flag</font>
					<align>left</align>
					<label>fanart $INFO[ListItem.Art(fanart),[COLOR FF5BE5EE]','[/COLOR]]</label>
				</control>
				<control type="label">
					<height>20</height>
					<width>auto</width>
					<textcolor>yellow</textcolor>
					<shadowcolor>FF000000</shadowcolor>
					<font>font_flag</font>
					<align>left</align>
					<label>banner $INFO[ListItem.Art(banner),[COLOR FF5BE5EE]','[/COLOR]]</label>
				</control>
				<control type="label">
					<height>20</height>
					<width>auto</width>
					<textcolor>yellow</textcolor>
					<shadowcolor>FF000000</shadowcolor>
					<font>font_flag</font>
					<align>left</align>
					<label>clearlogo $INFO[ListItem.Art(clearlogo),[COLOR FF5BE5EE]','[/COLOR]]</label>
				</control>
				<control type="label">
					<height>20</height>
					<width>auto</width>
					<textcolor>yellow</textcolor>
					<shadowcolor>FF000000</shadowcolor>
					<font>font_flag</font>
					<align>left</align>
					<label>landscape $INFO[ListItem.Art(landscape),[COLOR FF5BE5EE]','[/COLOR]]</label>
				</control>
				<control type="label">
					<height>20</height>
					<width>auto</width>
					<textcolor>yellow</textcolor>
					<shadowcolor>FF000000</shadowcolor>
					<font>font_flag</font>
					<align>left</align>
					<label>clearart $INFO[ListItem.Art(clearart),[COLOR FF5BE5EE]','[/COLOR]]</label>
				</control>
				<control type="label">
					<height>20</height>
					<width>auto</width>
					<textcolor>yellow</textcolor>
					<shadowcolor>FF000000</shadowcolor>
					<font>font_flag</font>
					<align>left</align>
					<label>poster $INFO[ListItem.Art(poster),[COLOR FF5BE5EE]','[/COLOR]]</label>
				</control>
				<control type="label">
					<height>20</height>
					<width>auto</width>
					<textcolor>yellow</textcolor>
					<shadowcolor>FF000000</shadowcolor>
					<font>font_flag</font>
					<align>left</align>
					<label>discart $INFO[ListItem.Art(discart),[COLOR FF5BE5EE]','[/COLOR]]</label>
				</control>
				<control type="label">
					<height>20</height>
					<width>auto</width>
					<textcolor>yellow</textcolor>
					<shadowcolor>FF000000</shadowcolor>
					<font>font_flag</font>
					<align>left</align>
					<label>thumb $INFO[ListItem.Art(thumb),[COLOR FF5BE5EE]','[/COLOR]]</label>
				</control>
				<control type="label">
					<height>20</height>
					<width>auto</width>
					<textcolor>yellow</textcolor>
					<shadowcolor>FF000000</shadowcolor>
					<font>font_flag</font>
					<align>left</align>
					<label>actual icon $INFO[ListItem.ActualIcon,[COLOR FF5BE5EE]','[/COLOR]]</label>
				</control>
			</control>

			<!--listitmes -->
			<control type="grouplist">
				<visible>!Window.IsVisible(fullscreenvideo) + !Window.IsVisible(visualisation)</visible>
				<left>15</left>
				<bottom>70</bottom>
				<height>50%</height>
				<width>49%</width>
				<itemgap>12</itemgap>
				<align>bottom</align>
				<!-- List Items -->
				<control type="label">
					<height>20</height>
					<width>auto</width>
					<textcolor>yellow</textcolor>
					<shadowcolor>FF000000</shadowcolor>
					<font>font_flag</font>
					<align>left</align>
					<label>label $INFO[ListItem.label,[COLOR FF5BE5EE]','[/COLOR]] dbtype $INFO[ListItem.dbtype,[COLOR FF5BE5EE]','[/COLOR]] dbid $INFO[ListItem.dbid,[COLOR FF5BE5EE]','[/COLOR]] imdb $INFO[ListItem.IMDBnumber,[COLOR FF5BE5EE]','[/COLOR]] embycon id $INFO[ListItem.property(id),[COLOR FF5BE5EE]','[/COLOR]]</label>
				</control>
				<control type="label">
					<height>20</height>
					<width>auto</width>
					<textcolor>yellow</textcolor>
					<shadowcolor>FF000000</shadowcolor>
					<font>font_flag</font>
					<align>left</align>
					<label>title $INFO[ListItem.title,[COLOR FF5BE5EE]','[/COLOR]] tvshowtitle $INFO[ListItem.tvshowtitle,[COLOR FF5BE5EE]','[/COLOR]]</label>
				</control>
				<control type="label">
					<height>20</height>
					<width>auto</width>
					<textcolor>yellow</textcolor>
					<shadowcolor>FF000000</shadowcolor>
					<font>font_flag</font>
					<align>left</align>
					<label>genre $INFO[ListItem.genre,[COLOR FF5BE5EE]','[/COLOR]] country $INFO[ListItem.country,[COLOR FF5BE5EE]','[/COLOR]] director $INFO[ListItem.director,[COLOR FF5BE5EE]','[/COLOR]]</label>
				</control>
				<control type="label">
					<height>20</height>
					<width>auto</width>
					<textcolor>yellow</textcolor>
					<shadowcolor>FF000000</shadowcolor>
					<font>font_flag</font>
					<align>left</align>
					<label>artist $INFO[ListItem.artist,[COLOR FF5BE5EE]','[/COLOR]] albumartist $INFO[ListItem.albumartist,[COLOR FF5BE5EE]','[/COLOR]] album $INFO[ListItem.album,[COLOR FF5BE5EE]','[/COLOR]]</label>
				</control>
				<control type="label">
					<height>20</height>
					<width>auto</width>
					<textcolor>yellow</textcolor>
					<shadowcolor>FF000000</shadowcolor>
					<font>font_flag</font>
					<align>left</align>
					<label>season $INFO[ListItem.season,[COLOR FF5BE5EE]','[/COLOR]] episode $INFO[ListItem.episode,[COLOR FF5BE5EE]','[/COLOR]] tracknumber $INFO[ListItem.tracknumber,[COLOR FF5BE5EE]','[/COLOR]] discnumber $INFO[ListItem.discnumber,[COLOR FF5BE5EE]','[/COLOR]]</label>
				</control>
				<control type="label">
					<height>20</height>
					<width>auto</width>
					<textcolor>yellow</textcolor>
					<shadowcolor>FF000000</shadowcolor>
					<font>font_flag</font>
					<align>left</align>
					<label>rating $INFO[ListItem.rating,[COLOR FF5BE5EE]','[/COLOR]] mpaa $INFO[ListItem.mpaa,[COLOR FF5BE5EE]','[/COLOR]]</label>
				</control>
				<control type="label">
					<height>20</height>
					<width>auto</width>
					<textcolor>yellow</textcolor>
					<shadowcolor>FF000000</shadowcolor>
					<font>font_flag</font>
					<align>left</align>
					<label>year $INFO[ListItem.year,[COLOR FF5BE5EE]','[/COLOR]] premiered $INFO[ListItem.premiered,[COLOR FF5BE5EE]','[/COLOR]] dateadded $INFO[ListItem.dateadded,[COLOR FF5BE5EE]','[/COLOR]] lastplayed $INFO[ListItem.lastplayed,[COLOR FF5BE5EE]','[/COLOR]]</label>
				</control>
				<control type="label">
					<height>20</height>
					<width>auto</width>
					<textcolor>yellow</textcolor>
					<shadowcolor>FF000000</shadowcolor>
					<font>font_flag</font>
					<align>left</align>
					<label>plot $INFO[ListItem.plot,[COLOR FF5BE5EE]','[/COLOR]]</label>
				</control>
				<control type="label">
					<height>20</height>
					<width>auto</width>
					<textcolor>yellow</textcolor>
					<shadowcolor>FF000000</shadowcolor>
					<font>font_flag</font>
					<align>left</align>
					<label>tagline $INFO[ListItem.tagline,[COLOR FF5BE5EE]','[/COLOR]]</label>
				</control>
				<control type="label">
					<height>20</height>
					<width>auto</width>
					<textcolor>yellow</textcolor>
					<shadowcolor>FF000000</shadowcolor>
					<font>font_flag</font>
					<align>left</align>
					<label>overlay $INFO[ListItem.overlay,[COLOR FF5BE5EE]','[/COLOR]] unwatched $INFO[ListItem.property(unwatchedepisodes),[COLOR FF5BE5EE]','[/COLOR]] watched $INFO[ListItem.property(watchedepisodes),[COLOR FF5BE5EE]','[/COLOR]] playcount $INFO[ListItem.playcount,[COLOR FF5BE5EE]','[/COLOR]]</label>
				</control>
			</control>

			<!-- Controls debug -->
			<control type="grouplist">
				<right>15</right>
				<top>70</top>
				<width>49%</width>
				<height>50%</height>
				<itemgap>12</itemgap>
				<!-- Control label -->
				<control type="label">
					<top>15</top>
					<height>20</height>
					<textcolor>yellow</textcolor>
					<shadowcolor>FF000000</shadowcolor>
					<font>font_flag</font>
					<align>right</align>
					<label>IsMedia = true</label>
					<visible>Window.IsMedia</visible>
				</control>
				<control type="label">
					<top>15</top>
					<height>20</height>
					<textcolor>yellow</textcolor>
					<shadowcolor>FF000000</shadowcolor>
					<font>font_flag</font>
					<align>right</align>
					<label>IsMedia = false</label>
					<visible>!Window.IsMedia</visible>
				</control>
				<!-- Control label -->
				<control type="label">
					<top>15</top>
					<height>20</height>
					<textcolor>yellow</textcolor>
					<shadowcolor>FF000000</shadowcolor>
					<font>font_flag</font>
					<align>right</align>
					<label>Current control $INFO[System.CurrentControl,[COLOR FF5BE5EE]','[/COLOR]] $INFO[System.CurrentControlID, (ID=[COLOR FF5BE5EE],[/COLOR])]</label>
				</control>
				<!-- Folder label -->
				<control type="label">
					<top>48</top>
					<height>20</height>
					<textcolor>yellow</textcolor>
					<shadowcolor>FF000000</shadowcolor>
					<font>font_flag</font>
					<align>right</align>
					<label>Folder name $INFO[Container.FolderName,[COLOR FF5BE5EE]','[/COLOR]]</label>
				</control>
				<!-- Path label -->
				<control type="label">
					<top>48</top>
					<height>20</height>
					<textcolor>yellow</textcolor>
					<shadowcolor>FF000000</shadowcolor>
					<font>font_flag</font>
					<align>right</align>
					<scroll>true</scroll>
					<label>Folder path $INFO[Container.FolderPath,[COLOR FF5BE5EE]','[/COLOR]]</label>
				</control>
				<control type="label">
					<top>48</top>
					<height>20</height>
					<textcolor>yellow</textcolor>
					<shadowcolor>FF000000</shadowcolor>
					<font>font_flag</font>
					<align>right</align>
					<scroll>true</scroll>
					<label>ListItem path $INFO[ListItem.FolderPath,[COLOR FF5BE5EE]','[/COLOR]]</label>
				</control>
				<!-- Content label -->
				<control type="label">
					<top>48</top>
					<height>20</height>
					<textcolor>yellow</textcolor>
					<shadowcolor>FF000000</shadowcolor>
					<font>font_flag</font>
					<align>right</align>
					<label>Content $INFO[Container.Content,[COLOR FF5BE5EE]','[/COLOR]]</label>
					<visible>!Window.IsVisible(DialogMusicInfo.xml) + !Window.IsVisible(DialogVideoInfo.xml)</visible>
				</control>
				<!-- Window labels -->
				<control type="label">
					<height>20</height>
					<width>auto</width>
					<textcolor>yellow</textcolor>
					<shadowcolor>FF000000</shadowcolor>
					<font>font_flag</font>
					<align>right</align>
					<label>AddonBrowser.xml</label>
					<visible>Window.IsVisible(AddonBrowser.xml)</visible>
				</control>
				<control type="label">
					<height>20</height>
					<width>auto</width>
					<textcolor>yellow</textcolor>
					<shadowcolor>FF000000</shadowcolor>
					<font>font_flag</font>
					<align>right</align>
					<label>EventLog.xml</label>
					<visible>Window.IsVisible(EventLog.xml)</visible>
				</control>
				<control type="label">
					<height>20</height>
					<width>auto</width>
					<textcolor>yellow</textcolor>
					<shadowcolor>FF000000</shadowcolor>
					<font>font_flag</font>
					<align>right</align>
					<label>FileManager.xml</label>
					<visible>Window.IsVisible(FileManager.xml)</visible>
				</control>
				<control type="label">
					<height>20</height>
					<width>auto</width>
					<textcolor>yellow</textcolor>
					<shadowcolor>FF000000</shadowcolor>
					<font>font_flag</font>
					<align>right</align>
					<label>Home.xml</label>
					<visible>Window.IsVisible(Home.xml)</visible>
				</control>
				<control type="label">
					<height>20</height>
					<width>auto</width>
					<textcolor>yellow</textcolor>
					<shadowcolor>FF000000</shadowcolor>
					<font>font_flag</font>
					<align>right</align>
					<label>LoginScreen.xml</label>
					<visible>Window.IsVisible(LoginScreen.xml)</visible>
				</control>
				<control type="label">
					<height>20</height>
					<width>auto</width>
					<textcolor>yellow</textcolor>
					<shadowcolor>FF000000</shadowcolor>
					<font>font_flag</font>
					<align>right</align>
					<label>MyMusicNav.xml</label>
					<visible>Window.IsVisible(MyMusicNav.xml)</visible>
				</control>
				<control type="label">
					<height>20</height>
					<width>auto</width>
					<textcolor>yellow</textcolor>
					<shadowcolor>FF000000</shadowcolor>
					<font>font_flag</font>
					<align>right</align>
					<label>MyMusicPlaylistEditor.xml</label>
					<visible>Window.IsVisible(MyMusicPlaylistEditor.xml)</visible>
				</control>
				<control type="label">
					<height>20</height>
					<width>auto</width>
					<textcolor>yellow</textcolor>
					<shadowcolor>FF000000</shadowcolor>
					<font>font_flag</font>
					<align>right</align>
					<label>MyMusicSongs.xml</label>
					<visible>Window.IsVisible(MyMusicSongs.xml)</visible>
				</control>
				<control type="label">
					<height>20</height>
					<width>auto</width>
					<textcolor>yellow</textcolor>
					<shadowcolor>FF000000</shadowcolor>
					<font>font_flag</font>
					<align>right</align>
					<label>MyPics.xml</label>
					<visible>Window.IsVisible(MyPics.xml)</visible>
				</control>
				<control type="label">
					<height>20</height>
					<width>auto</width>
					<textcolor>yellow</textcolor>
					<shadowcolor>FF000000</shadowcolor>
					<font>font_flag</font>
					<align>right</align>
					<label>MyPlaylist.xml</label>
					<visible>Window.IsVisible(MyPlaylist.xml)</visible>
				</control>
				<control type="label">
					<height>20</height>
					<width>auto</width>
					<textcolor>yellow</textcolor>
					<shadowcolor>FF000000</shadowcolor>
					<font>font_flag</font>
					<align>right</align>
					<label>MyPrograms.xml</label>
					<visible>Window.IsVisible(MyPrograms.xml)</visible>
				</control>
				<control type="label">
					<height>20</height>
					<width>auto</width>
					<textcolor>yellow</textcolor>
					<shadowcolor>FF000000</shadowcolor>
					<font>font_flag</font>
					<align>right</align>
					<label>MyPVRChannels.xml</label>
					<visible>Window.IsVisible(MyPVRChannels.xml)</visible>
				</control>
				<control type="label">
					<height>20</height>
					<width>auto</width>
					<textcolor>yellow</textcolor>
					<shadowcolor>FF000000</shadowcolor>
					<font>font_flag</font>
					<align>right</align>
					<label>MyPVRGuide.xml</label>
					<visible>Window.IsVisible(MyPVRGuide.xml)</visible>
				</control>
				<control type="label">
					<height>20</height>
					<width>auto</width>
					<textcolor>yellow</textcolor>
					<shadowcolor>FF000000</shadowcolor>
					<font>font_flag</font>
					<align>right</align>
					<label>DialogPVRInfo.xml</label>
					<visible>Window.IsVisible(DialogPVRInfo.xml)</visible>
				</control>
				<control type="label">
					<height>20</height>
					<width>auto</width>
					<textcolor>yellow</textcolor>
					<shadowcolor>FF000000</shadowcolor>
					<font>font_flag</font>
					<align>right</align>
					<label>MyPVRRecordings.xml</label>
					<visible>Window.IsVisible(MyPVRRecordings.xml)</visible>
				</control>
				<control type="label">
					<height>20</height>
					<width>auto</width>
					<textcolor>yellow</textcolor>
					<shadowcolor>FF000000</shadowcolor>
					<font>font_flag</font>
					<align>right</align>
					<label>MyPVRSearch.xml</label>
					<visible>Window.IsVisible(MyPVRSearch.xml)</visible>
				</control>
				<control type="label">
					<height>20</height>
					<width>auto</width>
					<textcolor>yellow</textcolor>
					<shadowcolor>FF000000</shadowcolor>
					<font>font_flag</font>
					<align>right</align>
					<label>MyPVRTimers.xml</label>
					<visible>Window.IsVisible(MyPVRTimers.xml)</visible>
				</control>
				<control type="label">
					<height>20</height>
					<width>auto</width>
					<textcolor>yellow</textcolor>
					<shadowcolor>FF000000</shadowcolor>
					<font>font_flag</font>
					<align>right</align>
					<label>MyVideoNav.xml</label>
					<visible>Window.IsVisible(MyVideoNav.xml)</visible>
				</control>
				<control type="label">
					<height>20</height>
					<width>auto</width>
					<textcolor>yellow</textcolor>
					<shadowcolor>FF000000</shadowcolor>
					<font>font_flag</font>
					<align>right</align>
					<label>MyWeather.xml</label>
					<visible>Window.IsVisible(MyWeather.xml)</visible>
				</control>
				<control type="label">
					<height>20</height>
					<width>auto</width>
					<textcolor>yellow</textcolor>
					<shadowcolor>FF000000</shadowcolor>
					<font>font_flag</font>
					<align>right</align>
					<label>Settings.xml</label>
					<visible>Window.IsVisible(Settings.xml)</visible>
				</control>
				<control type="label">
					<height>20</height>
					<width>auto</width>
					<textcolor>yellow</textcolor>
					<shadowcolor>FF000000</shadowcolor>
					<font>font_flag</font>
					<align>right</align>
					<label>SettingsCategory.xml</label>
					<visible>Window.IsVisible(SettingsCategory.xml)</visible>
				</control>
				<control type="label">
					<height>20</height>
					<width>auto</width>
					<textcolor>yellow</textcolor>
					<shadowcolor>FF000000</shadowcolor>
					<font>font_flag</font>
					<align>right</align>
					<label>SettingsProfile.xml</label>
					<visible>Window.IsVisible(SettingsProfile.xml)</visible>
				</control>
				<control type="label">
					<height>20</height>
					<width>auto</width>
					<textcolor>yellow</textcolor>
					<shadowcolor>FF000000</shadowcolor>
					<font>font_flag</font>
					<align>right</align>
					<label>SkinSettings.xml</label>
					<visible>Window.IsVisible(SkinSettings.xml)</visible>
				</control>
				<control type="label">
					<height>20</height>
					<width>auto</width>
					<textcolor>yellow</textcolor>
					<shadowcolor>FF000000</shadowcolor>
					<font>font_flag</font>
					<align>right</align>
					<label>VideoFullScreen.xml</label>
					<visible>Window.IsVisible(VideoFullScreen.xml)</visible>
				</control>
				<!-- Dialog labels -->
				<control type="label">
					<height>20</height>
					<width>auto</width>
					<textcolor>yellow</textcolor>
					<shadowcolor>FF000000</shadowcolor>
					<font>font_flag</font>
					<align>right</align>
					<label>DialogAddonInfo.xml</label>
					<visible>Window.IsVisible(DialogAddonInfo.xml)</visible>
				</control>
				<control type="label">
					<height>20</height>
					<width>auto</width>
					<textcolor>yellow</textcolor>
					<shadowcolor>FF000000</shadowcolor>
					<font>font_flag</font>
					<align>right</align>
					<label>DialogAddonSettings.xml</label>
					<visible>Window.IsVisible(DialogAddonSettings.xml)</visible>
				</control>
				<control type="label">
					<height>20</height>
					<width>auto</width>
					<textcolor>yellow</textcolor>
					<shadowcolor>FF000000</shadowcolor>
					<font>font_flag</font>
					<align>right</align>
					<label>DialogBusy.xml</label>
					<visible>Window.IsVisible(DialogBusy.xml)</visible>
				</control>
				<control type="label">
					<height>20</height>
					<width>auto</width>
					<textcolor>yellow</textcolor>
					<shadowcolor>FF000000</shadowcolor>
					<font>font_flag</font>
					<align>right</align>
					<label>DialogButtonMenu.xml</label>
					<visible>Window.IsVisible(DialogButtonMenu.xml)</visible>
				</control>
				<control type="label">
					<height>20</height>
					<width>auto</width>
					<textcolor>yellow</textcolor>
					<shadowcolor>FF000000</shadowcolor>
					<font>font_flag</font>
					<align>right</align>
					<label>DialogConfirm.xml</label>
					<visible>Window.IsVisible(DialogConfirm.xml)</visible>
				</control>
				<control type="label">
					<height>20</height>
					<width>auto</width>
					<textcolor>yellow</textcolor>
					<shadowcolor>FF000000</shadowcolor>
					<font>font_flag</font>
					<align>right</align>
					<label>DialogContextMenu.xml</label>
					<visible>Window.IsVisible(DialogContextMenu.xml)</visible>
				</control>
				<control type="label">
					<height>20</height>
					<width>auto</width>
					<textcolor>yellow</textcolor>
					<shadowcolor>FF000000</shadowcolor>
					<font>font_flag</font>
					<align>right</align>
					<label>DialogExtendedProgressBar.xml</label>
					<visible>Window.IsVisible(DialogExtendedProgressBar.xml)</visible>
				</control>
				<control type="label">
					<height>20</height>
					<width>auto</width>
					<textcolor>yellow</textcolor>
					<shadowcolor>FF000000</shadowcolor>
					<font>font_flag</font>
					<align>right</align>
					<label>DialogFavourites.xml</label>
					<visible>Window.IsVisible(DialogFavourites.xml)</visible>
				</control>
				<control type="label">
					<height>20</height>
					<width>auto</width>
					<textcolor>yellow</textcolor>
					<shadowcolor>FF000000</shadowcolor>
					<font>font_flag</font>
					<align>right</align>
					<label>DialogFileStacking.xml</label>
					<visible>Window.IsVisible(DialogFileStacking.xml)</visible>
				</control>
				<control type="label">
					<height>20</height>
					<width>auto</width>
					<textcolor>yellow</textcolor>
					<shadowcolor>FF000000</shadowcolor>
					<font>font_flag</font>
					<align>right</align>
					<label>DialogFullScreenInfo.xml</label>
					<visible>Window.IsVisible(DialogFullScreenInfo.xml)</visible>
				</control>
				<control type="label">
					<height>20</height>
					<width>auto</width>
					<textcolor>yellow</textcolor>
					<shadowcolor>FF000000</shadowcolor>
					<font>font_flag</font>
					<align>right</align>
					<label>DialogKeyboard.xml</label>
					<visible>Window.IsVisible(DialogKeyboard.xml)</visible>
				</control>
				<control type="label">
					<height>20</height>
					<width>auto</width>
					<textcolor>yellow</textcolor>
					<shadowcolor>FF000000</shadowcolor>
					<font>font_flag</font>
					<align>right</align>
					<label>DialogMediaSource.xml</label>
					<visible>Window.IsVisible(DialogMediaSource.xml)</visible>
				</control>
				<control type="label">
					<height>20</height>
					<width>auto</width>
					<textcolor>yellow</textcolor>
					<shadowcolor>FF000000</shadowcolor>
					<font>font_flag</font>
					<align>right</align>
					<label>DialogMusicInfo.xml</label>
					<visible>Window.IsVisible(DialogMusicInfo.xml)</visible>
				</control>
				<control type="label">
					<height>20</height>
					<width>auto</width>
					<textcolor>yellow</textcolor>
					<shadowcolor>FF000000</shadowcolor>
					<font>font_flag</font>
					<align>right</align>
					<label>DialogNotification.xml</label>
					<visible>Window.IsVisible(DialogNotification.xml)</visible>
				</control>
				<control type="label">
					<height>20</height>
					<width>auto</width>
					<textcolor>yellow</textcolor>
					<shadowcolor>FF000000</shadowcolor>
					<font>font_flag</font>
					<align>right</align>
					<label>DialogNumeric.xml</label>
					<visible>Window.IsVisible(DialogNumeric.xml)</visible>
				</control>
				<control type="label">
					<height>20</height>
					<width>auto</width>
					<textcolor>yellow</textcolor>
					<shadowcolor>FF000000</shadowcolor>
					<font>font_flag</font>
					<align>right</align>
					<label>DialogPeripheralManager.xml</label>
					<visible>Window.IsVisible(DialogPeripheralManager.xml)</visible>
				</control>
				<control type="label">
					<height>20</height>
					<width>auto</width>
					<textcolor>yellow</textcolor>
					<shadowcolor>FF000000</shadowcolor>
					<font>font_flag</font>
					<align>right</align>
					<label>DialogPictureInfo.xml</label>
					<visible>Window.IsVisible(DialogPictureInfo.xml)</visible>
				</control>
				<control type="label">
					<height>20</height>
					<width>auto</width>
					<textcolor>yellow</textcolor>
					<shadowcolor>FF000000</shadowcolor>
					<font>font_flag</font>
					<align>right</align>
					<label>PlayerProcessInfo.xml</label>
					<visible>Window.IsVisible(DialogPlayerProcessInfo.xml)</visible>
				</control>
				<control type="label">
					<height>20</height>
					<width>auto</width>
					<textcolor>yellow</textcolor>
					<shadowcolor>FF000000</shadowcolor>
					<font>font_flag</font>
					<align>right</align>
					<label>DialogPVRChannelManager.xml</label>
					<visible>Window.IsVisible(DialogPVRChannelManager.xml)</visible>
				</control>
				<control type="label">
					<height>20</height>
					<width>auto</width>
					<textcolor>yellow</textcolor>
					<shadowcolor>FF000000</shadowcolor>
					<font>font_flag</font>
					<align>right</align>
					<label>DialogPVRChannelsOSD.xml</label>
					<visible>Window.IsVisible(DialogPVRChannelsOSD.xml)</visible>
				</control>
				<control type="label">
					<height>20</height>
					<width>auto</width>
					<textcolor>yellow</textcolor>
					<shadowcolor>FF000000</shadowcolor>
					<font>font_flag</font>
					<align>right</align>
					<label>DialogPVRGroupManager.xml</label>
					<visible>Window.IsVisible(DialogPVRGroupManager.xml)</visible>
				</control>
				<control type="label">
					<height>20</height>
					<width>auto</width>
					<textcolor>yellow</textcolor>
					<shadowcolor>FF000000</shadowcolor>
					<font>font_flag</font>
					<align>right</align>
					<label>DialogPVRGuideInfo.xml</label>
					<visible>Window.IsVisible(DialogPVRGuideInfo.xml)</visible>
				</control>
				<control type="label">
					<height>20</height>
					<width>auto</width>
					<textcolor>yellow</textcolor>
					<shadowcolor>FF000000</shadowcolor>
					<font>font_flag</font>
					<align>right</align>
					<label>DialogPVRChannelGuide.xml</label>
					<visible>Window.IsVisible(DialogPVRChannelGuide.xml)</visible>
				</control>
				<control type="label">
					<height>20</height>
					<width>auto</width>
					<textcolor>yellow</textcolor>
					<shadowcolor>FF000000</shadowcolor>
					<font>font_flag</font>
					<align>right</align>
					<label>GameOSD.xml</label>
					<visible>Window.IsVisible(GameOSD.xml)</visible>
				</control>
				<control type="label">
					<height>20</height>
					<width>auto</width>
					<textcolor>yellow</textcolor>
					<shadowcolor>FF000000</shadowcolor>
					<font>font_flag</font>
					<align>right</align>
					<label>DialogPVRGuideSearch.xml</label>
					<visible>Window.IsVisible(DialogPVRGuideSearch.xml)</visible>
				</control>
				<control type="label">
					<height>20</height>
					<width>auto</width>
					<textcolor>yellow</textcolor>
					<shadowcolor>FF000000</shadowcolor>
					<font>font_flag</font>
					<align>right</align>
					<label>DialogPVRRecordingInfo.xml</label>
					<visible>Window.IsVisible(DialogPVRRecordingInfo.xml)</visible>
				</control>
				<control type="label">
					<height>20</height>
					<width>auto</width>
					<textcolor>yellow</textcolor>
					<shadowcolor>FF000000</shadowcolor>
					<font>font_flag</font>
					<align>right</align>
					<label>DialogSeekbar.xml</label>
					<visible>Window.IsVisible(DialogSeekbar.xml)</visible>
				</control>
				<control type="label">
					<height>20</height>
					<width>auto</width>
					<textcolor>yellow</textcolor>
					<shadowcolor>FF000000</shadowcolor>
					<font>font_flag</font>
					<align>right</align>
					<label>DialogSelect.xml</label>
					<visible>Window.IsVisible(DialogSelect.xml)</visible>
				</control>
				<control type="label">
					<height>20</height>
					<width>auto</width>
					<textcolor>yellow</textcolor>
					<shadowcolor>FF000000</shadowcolor>
					<font>font_flag</font>
					<align>right</align>
					<label>DialogSettings.xml</label>
					<visible>Window.IsVisible(DialogSettings.xml)</visible>
				</control>
				<control type="label">
					<height>20</height>
					<width>auto</width>
					<textcolor>yellow</textcolor>
					<shadowcolor>FF000000</shadowcolor>
					<font>font_flag</font>
					<align>right</align>
					<label>DialogSlider.xml</label>
					<visible>Window.IsVisible(DialogSlider.xml)</visible>
				</control>
				<control type="label">
					<height>20</height>
					<width>auto</width>
					<textcolor>yellow</textcolor>
					<shadowcolor>FF000000</shadowcolor>
					<font>font_flag</font>
					<align>right</align>
					<label>DialogSubtitles.xml</label>
					<visible>Window.IsVisible(DialogSubtitles.xml)</visible>
				</control>
				<control type="label">
					<height>20</height>
					<width>auto</width>
					<textcolor>yellow</textcolor>
					<shadowcolor>FF000000</shadowcolor>
					<font>font_flag</font>
					<align>right</align>
					<label>DialogTextViewer.xml</label>
					<visible>Window.IsVisible(DialogTextViewer.xml)</visible>
				</control>
				<control type="label">
					<height>20</height>
					<width>auto</width>
					<textcolor>yellow</textcolor>
					<shadowcolor>FF000000</shadowcolor>
					<font>font_flag</font>
					<align>right</align>
					<label>DialogVideoInfo.xml</label>
					<visible>Window.IsVisible(DialogVideoInfo.xml)</visible>
				</control>
				<control type="label">
					<height>20</height>
					<width>auto</width>
					<textcolor>yellow</textcolor>
					<shadowcolor>FF000000</shadowcolor>
					<font>font_flag</font>
					<align>right</align>
					<label>DialogVolumeBar.xml</label>
					<visible>Window.IsVisible(DialogVolumeBar.xml)</visible>
				</control>
				<control type="label">
					<height>20</height>
					<width>auto</width>
					<textcolor>yellow</textcolor>
					<shadowcolor>FF000000</shadowcolor>
					<font>font_flag</font>
					<align>right</align>
					<label>FileBrowser.xml</label>
					<visible>Window.IsVisible(FileBrowser.xml)</visible>
				</control>
				<control type="label">
					<height>20</height>
					<width>auto</width>
					<textcolor>yellow</textcolor>
					<shadowcolor>FF000000</shadowcolor>
					<font>font_flag</font>
					<align>right</align>
					<label>MusicKaraokeLyrics.xml</label>
					<visible>Window.IsVisible(MusicKaraokeLyrics.xml)</visible>
				</control>
				<control type="label">
					<height>20</height>
					<width>auto</width>
					<textcolor>yellow</textcolor>
					<shadowcolor>FF000000</shadowcolor>
					<font>font_flag</font>
					<align>right</align>
					<label>MusicOSD.xml</label>
					<visible>Window.IsVisible(MusicOSD.xml)</visible>
				</control>
				<control type="label">
					<height>20</height>
					<width>auto</width>
					<textcolor>yellow</textcolor>
					<shadowcolor>FF000000</shadowcolor>
					<font>font_flag</font>
					<align>right</align>
					<label>MusicOverlay.xml</label>
					<visible>Window.IsVisible(MusicOverlay.xml)</visible>
				</control>
				<control type="label">
					<height>20</height>
					<width>auto</width>
					<textcolor>yellow</textcolor>
					<shadowcolor>FF000000</shadowcolor>
					<font>font_flag</font>
					<align>right</align>
					<label>MusicVisualisation.xml</label>
					<visible>Window.IsVisible(MusicVisualisation.xml)</visible>
				</control>
				<control type="label">
					<height>20</height>
					<width>auto</width>
					<textcolor>yellow</textcolor>
					<shadowcolor>FF000000</shadowcolor>
					<font>font_flag</font>
					<align>right</align>
					<label>PlayerControls.xml</label>
					<visible>Window.IsVisible(PlayerControls.xml)</visible>
				</control>
				<control type="label">
					<height>20</height>
					<width>auto</width>
					<textcolor>yellow</textcolor>
					<shadowcolor>FF000000</shadowcolor>
					<font>font_flag</font>
					<align>right</align>
					<label>SettingsScreenCalibration.xml</label>
					<visible>Window.IsVisible(SettingsScreenCalibration.xml)</visible>
				</control>
				<control type="label">
					<height>20</height>
					<width>auto</width>
					<textcolor>yellow</textcolor>
					<shadowcolor>FF000000</shadowcolor>
					<font>font_flag</font>
					<align>right</align>
					<label>SettingsSystemInfo.xml</label>
					<visible>Window.IsVisible(SettingsSystemInfo.xml)</visible>
				</control>
				<control type="label">
					<height>20</height>
					<width>auto</width>
					<textcolor>yellow</textcolor>
					<shadowcolor>FF000000</shadowcolor>
					<font>font_flag</font>
					<align>right</align>
					<label>SlideShow.xml</label>
					<visible>Window.IsVisible(SlideShow.xml)</visible>
				</control>
				<control type="label">
					<height>20</height>
					<width>auto</width>
					<textcolor>yellow</textcolor>
					<shadowcolor>FF000000</shadowcolor>
					<font>font_flag</font>
					<align>right</align>
					<label>SmartPlaylistEditor.xml</label>
					<visible>Window.IsVisible(SmartPlaylistEditor.xml)</visible>
				</control>
				<control type="label">
					<height>20</height>
					<width>auto</width>
					<textcolor>yellow</textcolor>
					<shadowcolor>FF000000</shadowcolor>
					<font>font_flag</font>
					<align>right</align>
					<label>SmartPlaylistRule.xml</label>
					<visible>Window.IsVisible(SmartPlaylistRule.xml)</visible>
				</control>
				<control type="label">
					<height>20</height>
					<width>auto</width>
					<textcolor>yellow</textcolor>
					<shadowcolor>FF000000</shadowcolor>
					<font>font_flag</font>
					<align>right</align>
					<label>VideoOSD.xml</label>
					<visible>Window.IsVisible(VideoOSD.xml)</visible>
				</control>
				<control type="label">
					<height>20</height>
					<width>auto</width>
					<textcolor>yellow</textcolor>
					<shadowcolor>FF000000</shadowcolor>
					<font>font_flag</font>
					<align>right</align>
					<label>VideoOSDBookmarks.xml</label>
					<visible>Window.IsVisible(VideoOSDBookmarks.xml)</visible>
				</control>
				<control type="label">
					<height>20</height>
					<width>auto</width>
					<textcolor>yellow</textcolor>
					<shadowcolor>FF000000</shadowcolor>
					<font>font_flag</font>
					<align>right</align>
					<label>VideoOverlay.xml</label>
					<visible>Window.IsVisible(VideoOverlay.xml)</visible>
				</control>
				<control type="label">
					<height>20</height>
					<width>auto</width>
					<textcolor>yellow</textcolor>
					<shadowcolor>FF000000</shadowcolor>
					<font>font_flag</font>
					<align>right</align>
					<label>VisualisationPresetList.xml</label>
					<visible>Window.IsVisible(VisualisationPresetList.xml)</visible>
				</control>
				<control type="label">
					<height>20</height>
					<width>auto</width>
					<textcolor>yellow</textcolor>
					<shadowcolor>FF000000</shadowcolor>
					<font>font_flag</font>
					<align>right</align>
					<label>script-skinshortcuts.xml</label>
					<visible>Window.IsVisible(script-skinshortcuts.xml)</visible>
				</control>
				<control type="label">
					<height>20</height>
					<width>auto</width>
					<textcolor>yellow</textcolor>
					<shadowcolor>FF000000</shadowcolor>
					<font>font_flag</font>
					<align>right</align>
					<label>script-script.extendedinfo-DialogInfo.xml</label>
					<visible>Window.IsVisible(script-script.extendedinfo-DialogInfo.xml)</visible>
				</control>
				<control type="label">
					<height>20</height>
					<width>auto</width>
					<textcolor>yellow</textcolor>
					<shadowcolor>FF000000</shadowcolor>
					<font>font_flag</font>
					<align>right</align>
					<label>script-script.extendedinfo-DialogVideoInfo.xml</label>
					<visible>Window.IsVisible(script-script.extendedinfo-DialogVideoInfo.xml)</visible>
				</control>
				<control type="label">
					<height>20</height>
					<width>auto</width>
					<textcolor>yellow</textcolor>
					<shadowcolor>FF000000</shadowcolor>
					<font>font_flag</font>
					<align>right</align>
					<label>script-NextAired-TVGuide.xml</label>
					<visible>Window.IsVisible(script-NextAired-TVGuide.xml)</visible>
				</control>
				<control type="label">
					<height>20</height>
					<width>auto</width>
					<textcolor>yellow</textcolor>
					<shadowcolor>FF000000</shadowcolor>
					<font>font_flag</font>
					<align>right</align>
					<label>script-NextAired-TVGuide2.xml</label>
					<visible>Window.IsVisible(script-NextAired-TVGuide2.xml)</visible>
				</control>
				<control type="label">
					<height>20</height>
					<width>auto</width>
					<textcolor>yellow</textcolor>
					<shadowcolor>FF000000</shadowcolor>
					<font>font_flag</font>
					<align>right</align>
					<label>script-globalsearch-contextmenu.xml</label>
					<visible>Window.IsVisible(script-globalsearch-contextmenu.xml)</visible>
				</control>
				<control type="label">
					<height>20</height>
					<width>auto</width>
					<textcolor>yellow</textcolor>
					<shadowcolor>FF000000</shadowcolor>
					<font>font_flag</font>
					<align>right</align>
					<label>script-globalsearch-infodialog.xml</label>
					<visible>Window.IsVisible(script-globalsearch-infodialog.xml)</visible>
				</control>
				<control type="label">
					<height>20</height>
					<width>auto</width>
					<textcolor>yellow</textcolor>
					<shadowcolor>FF000000</shadowcolor>
					<font>font_flag</font>
					<align>right</align>
					<label>script-globalsearch-main.xml</label>
					<visible>Window.IsVisible(script-globalsearch-main.xml)</visible>
				</control>
				<control type="label">
					<height>20</height>
					<width>auto</width>
					<textcolor>yellow</textcolor>
					<shadowcolor>FF000000</shadowcolor>
					<font>font_flag</font>
					<align>right</align>
					<label>script-globalsearch.xml</label>
					<visible>Window.IsVisible(script-globalsearch.xml)</visible>
				</control>
				<control type="label">
					<height>20</height>
					<width>auto</width>
					<textcolor>yellow</textcolor>
					<shadowcolor>FF000000</shadowcolor>
					<font>font_flag</font>
					<align>right</align>
					<label>script-nextup-notification-NextUpInfo.xml</label>
					<visible>Window.IsVisible(script-nextup-notification-NextUpInfo.xml)</visible>
				</control>
				<control type="label">
					<height>20</height>
					<width>auto</width>
					<textcolor>yellow</textcolor>
					<shadowcolor>FF000000</shadowcolor>
					<font>font_flag</font>
					<align>right</align>
					<label>script-nextup-notification-StillWatchingInfo.xml</label>
					<visible>Window.IsVisible(script-nextup-notification-StillWatchingInfo.xml)</visible>
				</control>
				<control type="label">
					<height>20</height>
					<width>auto</width>
					<textcolor>yellow</textcolor>
					<shadowcolor>FF000000</shadowcolor>
					<font>font_flag</font>
					<align>right</align>
					<label>script-cu-lrclyrics-main.xml</label>
					<visible>Window.IsVisible(script-cu-lrclyrics-main.xml)</visible>
				</control>
			</control>

			<!-- Temp debug -->
			<control type="grouplist">
				<right>15</right>
				<bottom>70</bottom>
				<width>49%</width>
				<height>50%</height>
				<itemgap>12</itemgap>
				<align>bottom</align>
				<!-- Control label -->
				<control type="label">
					<top>15</top>
					<height>20</height>
					<textcolor>yellow</textcolor>
					<shadowcolor>FF000000</shadowcolor>
					<font>font_flag</font>
					<align>right</align>
					<label>Temp value $INFO[Window(home).Property(EmbuaryGenre1)]$INFO[Window(home).Property(EmbuaryGenre2)]$INFO[Window(home).Property(EmbuaryGenre3)]$INFO[Window(home).Property(test1)]$INFO[Window(home).Property(test2)]</label>
				</control>
			</control>
		</control>
	</controls>
</window>