<?xml version="1.0" encoding="UTF-8"?>
<window id="1130">
	<defaultcontrol always="true">10</defaultcontrol>
	<menucontrol>6666</menucontrol>
	<backgroundcolor>background</backgroundcolor>
	<include content="PropertyIncludes">
		<param name="ShowHeader" value="true"/>
	</include>
	<controls>
		<!-- background -->
		<include>Background</include>
		<!-- hub -->
		<include condition="String.IsEqual(Window(home).Property(emby.wnodes.0.type),movies) + String.IsEqual(Window(home).Property(EmbyHubNr),0)" content="EmbyHubMovieTemplate">
			<param name="nr" value="0"/>
		</include>
		<include condition="String.IsEqual(Window(home).Property(emby.wnodes.1.type),movies) + String.IsEqual(Window(home).Property(EmbyHubNr),1)" content="EmbyHubMovieTemplate">
			<param name="nr" value="1"/>
		</include>
		<include condition="String.IsEqual(Window(home).Property(emby.wnodes.2.type),movies) + String.IsEqual(Window(home).Property(EmbyHubNr),2)" content="EmbyHubMovieTemplate">
			<param name="nr" value="2"/>
		</include>
		<include condition="String.IsEqual(Window(home).Property(emby.wnodes.3.type),movies) + String.IsEqual(Window(home).Property(EmbyHubNr),3)" content="EmbyHubMovieTemplate">
			<param name="nr" value="3"/>
		</include>
		<include condition="String.IsEqual(Window(home).Property(emby.wnodes.4.type),movies) + String.IsEqual(Window(home).Property(EmbyHubNr),4)" content="EmbyHubMovieTemplate">
			<param name="nr" value="4"/>
		</include>
		<include condition="String.IsEqual(Window(home).Property(emby.wnodes.5.type),movies) + String.IsEqual(Window(home).Property(EmbyHubNr),5)" content="EmbyHubMovieTemplate">
			<param name="nr" value="5"/>
		</include>
		<include condition="String.IsEqual(Window(home).Property(emby.wnodes.6.type),movies) + String.IsEqual(Window(home).Property(EmbyHubNr),6)" content="EmbyHubMovieTemplate">
			<param name="nr" value="6"/>
		</include>
		<include condition="String.IsEqual(Window(home).Property(emby.wnodes.7.type),movies) + String.IsEqual(Window(home).Property(EmbyHubNr),7)" content="EmbyHubMovieTemplate">
			<param name="nr" value="7"/>
		</include>
		<include condition="String.IsEqual(Window(home).Property(emby.wnodes.8.type),movies) + String.IsEqual(Window(home).Property(EmbyHubNr),8)" content="EmbyHubMovieTemplate">
			<param name="nr" value="8"/>
		</include>
		<include condition="String.IsEqual(Window(home).Property(emby.wnodes.9.type),movies) + String.IsEqual(Window(home).Property(EmbyHubNr),9)" content="EmbyHubMovieTemplate">
			<param name="nr" value="9"/>
		</include>
		<include condition="String.IsEqual(Window(home).Property(emby.wnodes.10.type),movies) + String.IsEqual(Window(home).Property(EmbyHubNr),10)" content="EmbyHubMovieTemplate">
			<param name="nr" value="10"/>
		</include>
		<include condition="String.IsEqual(Window(home).Property(emby.wnodes.11.type),movies) + String.IsEqual(Window(home).Property(EmbyHubNr),11)" content="EmbyHubMovieTemplate">
			<param name="nr" value="11"/>
		</include>
		<include condition="String.IsEqual(Window(home).Property(emby.wnodes.12.type),movies) + String.IsEqual(Window(home).Property(EmbyHubNr),12)" content="EmbyHubMovieTemplate">
			<param name="nr" value="12"/>
		</include>
		<include condition="String.IsEqual(Window(home).Property(emby.wnodes.13.type),movies) + String.IsEqual(Window(home).Property(EmbyHubNr),13)" content="EmbyHubMovieTemplate">
			<param name="nr" value="13"/>
		</include>
		<include condition="String.IsEqual(Window(home).Property(emby.wnodes.14.type),movies) + String.IsEqual(Window(home).Property(EmbyHubNr),14)" content="EmbyHubMovieTemplate">
			<param name="nr" value="14"/>
		</include>
		<include condition="String.IsEqual(Window(home).Property(emby.wnodes.15.type),movies) + String.IsEqual(Window(home).Property(EmbyHubNr),15)" content="EmbyHubMovieTemplate">
			<param name="nr" value="15"/>
		</include>
		<include condition="String.IsEqual(Window(home).Property(emby.wnodes.16.type),movies) + String.IsEqual(Window(home).Property(EmbyHubNr),16)" content="EmbyHubMovieTemplate">
			<param name="nr" value="16"/>
		</include>
		<include condition="String.IsEqual(Window(home).Property(emby.wnodes.17.type),movies) + String.IsEqual(Window(home).Property(EmbyHubNr),17)" content="EmbyHubMovieTemplate">
			<param name="nr" value="17"/>
		</include>
		<include condition="String.IsEqual(Window(home).Property(emby.wnodes.18.type),movies) + String.IsEqual(Window(home).Property(EmbyHubNr),18)" content="EmbyHubMovieTemplate">
			<param name="nr" value="18"/>
		</include>
		<include condition="String.IsEqual(Window(home).Property(emby.wnodes.19.type),movies) + String.IsEqual(Window(home).Property(EmbyHubNr),19)" content="EmbyHubMovieTemplate">
			<param name="nr" value="19"/>
		</include>
		<include condition="String.IsEqual(Window(home).Property(emby.wnodes.20.type),movies) + String.IsEqual(Window(home).Property(EmbyHubNr),20)" content="EmbyHubMovieTemplate">
			<param name="nr" value="20"/>
		</include>
		<include condition="String.IsEqual(Window(home).Property(emby.wnodes.21.type),movies) + String.IsEqual(Window(home).Property(EmbyHubNr),21)" content="EmbyHubMovieTemplate">
			<param name="nr" value="21"/>
		</include>
		<include condition="String.IsEqual(Window(home).Property(emby.wnodes.22.type),movies) + String.IsEqual(Window(home).Property(EmbyHubNr),22)" content="EmbyHubMovieTemplate">
			<param name="nr" value="22"/>
		</include>
		<include condition="String.IsEqual(Window(home).Property(emby.wnodes.23.type),movies) + String.IsEqual(Window(home).Property(EmbyHubNr),23)" content="EmbyHubMovieTemplate">
			<param name="nr" value="23"/>
		</include>
		<include condition="String.IsEqual(Window(home).Property(emby.wnodes.24.type),movies) + String.IsEqual(Window(home).Property(EmbyHubNr),24)" content="EmbyHubMovieTemplate">
			<param name="nr" value="24"/>
		</include>
		<include condition="String.IsEqual(Window(home).Property(emby.wnodes.25.type),movies) + String.IsEqual(Window(home).Property(EmbyHubNr),25)" content="EmbyHubMovieTemplate">
			<param name="nr" value="25"/>
		</include>
		<include condition="String.IsEqual(Window(home).Property(emby.wnodes.26.type),movies) + String.IsEqual(Window(home).Property(EmbyHubNr),26)" content="EmbyHubMovieTemplate">
			<param name="nr" value="26"/>
		</include>
		<include condition="String.IsEqual(Window(home).Property(emby.wnodes.27.type),movies) + String.IsEqual(Window(home).Property(EmbyHubNr),27)" content="EmbyHubMovieTemplate">
			<param name="nr" value="27"/>
		</include>
		<include condition="String.IsEqual(Window(home).Property(emby.wnodes.28.type),movies) + String.IsEqual(Window(home).Property(EmbyHubNr),28)" content="EmbyHubMovieTemplate">
			<param name="nr" value="28"/>
		</include>
		<include condition="String.IsEqual(Window(home).Property(emby.wnodes.29.type),movies) + String.IsEqual(Window(home).Property(EmbyHubNr),29)" content="EmbyHubMovieTemplate">
			<param name="nr" value="29"/>
		</include>

		<include condition="String.IsEqual(Window(home).Property(emby.wnodes.0.type),tvshows) + String.IsEqual(Window(home).Property(EmbyHubNr),0)" content="EmbyHubTVShowTemplate">
			<param name="nr" value="0"/>
		</include>
		<include condition="String.IsEqual(Window(home).Property(emby.wnodes.1.type),tvshows) + String.IsEqual(Window(home).Property(EmbyHubNr),1)" content="EmbyHubTVShowTemplate">
			<param name="nr" value="1"/>
		</include>
		<include condition="String.IsEqual(Window(home).Property(emby.wnodes.2.type),tvshows) + String.IsEqual(Window(home).Property(EmbyHubNr),2)" content="EmbyHubTVShowTemplate">
			<param name="nr" value="2"/>
		</include>
		<include condition="String.IsEqual(Window(home).Property(emby.wnodes.3.type),tvshows) + String.IsEqual(Window(home).Property(EmbyHubNr),3)" content="EmbyHubTVShowTemplate">
			<param name="nr" value="3"/>
		</include>
		<include condition="String.IsEqual(Window(home).Property(emby.wnodes.4.type),tvshows) + String.IsEqual(Window(home).Property(EmbyHubNr),4)" content="EmbyHubTVShowTemplate">
			<param name="nr" value="4"/>
		</include>
		<include condition="String.IsEqual(Window(home).Property(emby.wnodes.5.type),tvshows) + String.IsEqual(Window(home).Property(EmbyHubNr),5)" content="EmbyHubTVShowTemplate">
			<param name="nr" value="5"/>
		</include>
		<include condition="String.IsEqual(Window(home).Property(emby.wnodes.6.type),tvshows) + String.IsEqual(Window(home).Property(EmbyHubNr),6)" content="EmbyHubTVShowTemplate">
			<param name="nr" value="6"/>
		</include>
		<include condition="String.IsEqual(Window(home).Property(emby.wnodes.7.type),tvshows) + String.IsEqual(Window(home).Property(EmbyHubNr),7)" content="EmbyHubTVShowTemplate">
			<param name="nr" value="7"/>
		</include>
		<include condition="String.IsEqual(Window(home).Property(emby.wnodes.8.type),tvshows) + String.IsEqual(Window(home).Property(EmbyHubNr),8)" content="EmbyHubTVShowTemplate">
			<param name="nr" value="8"/>
		</include>
		<include condition="String.IsEqual(Window(home).Property(emby.wnodes.9.type),tvshows) + String.IsEqual(Window(home).Property(EmbyHubNr),9)" content="EmbyHubTVShowTemplate">
			<param name="nr" value="9"/>
		</include>
		<include condition="String.IsEqual(Window(home).Property(emby.wnodes.10.type),tvshows) + String.IsEqual(Window(home).Property(EmbyHubNr),10)" content="EmbyHubTVShowTemplate">
			<param name="nr" value="10"/>
		</include>
		<include condition="String.IsEqual(Window(home).Property(emby.wnodes.11.type),tvshows) + String.IsEqual(Window(home).Property(EmbyHubNr),11)" content="EmbyHubTVShowTemplate">
			<param name="nr" value="11"/>
		</include>
		<include condition="String.IsEqual(Window(home).Property(emby.wnodes.12.type),tvshows) + String.IsEqual(Window(home).Property(EmbyHubNr),12)" content="EmbyHubTVShowTemplate">
			<param name="nr" value="12"/>
		</include>
		<include condition="String.IsEqual(Window(home).Property(emby.wnodes.13.type),tvshows) + String.IsEqual(Window(home).Property(EmbyHubNr),13)" content="EmbyHubTVShowTemplate">
			<param name="nr" value="13"/>
		</include>
		<include condition="String.IsEqual(Window(home).Property(emby.wnodes.14.type),tvshows) + String.IsEqual(Window(home).Property(EmbyHubNr),14)" content="EmbyHubTVShowTemplate">
			<param name="nr" value="14"/>
		</include>
		<include condition="String.IsEqual(Window(home).Property(emby.wnodes.15.type),tvshows) + String.IsEqual(Window(home).Property(EmbyHubNr),15)" content="EmbyHubTVShowTemplate">
			<param name="nr" value="15"/>
		</include>
		<include condition="String.IsEqual(Window(home).Property(emby.wnodes.16.type),tvshows) + String.IsEqual(Window(home).Property(EmbyHubNr),16)" content="EmbyHubTVShowTemplate">
			<param name="nr" value="16"/>
		</include>
		<include condition="String.IsEqual(Window(home).Property(emby.wnodes.17.type),tvshows) + String.IsEqual(Window(home).Property(EmbyHubNr),17)" content="EmbyHubTVShowTemplate">
			<param name="nr" value="17"/>
		</include>
		<include condition="String.IsEqual(Window(home).Property(emby.wnodes.18.type),tvshows) + String.IsEqual(Window(home).Property(EmbyHubNr),18)" content="EmbyHubTVShowTemplate">
			<param name="nr" value="18"/>
		</include>
		<include condition="String.IsEqual(Window(home).Property(emby.wnodes.19.type),tvshows) + String.IsEqual(Window(home).Property(EmbyHubNr),19)" content="EmbyHubTVShowTemplate">
			<param name="nr" value="19"/>
		</include>
		<include condition="String.IsEqual(Window(home).Property(emby.wnodes.20.type),tvshows) + String.IsEqual(Window(home).Property(EmbyHubNr),20)" content="EmbyHubTVShowTemplate">
			<param name="nr" value="20"/>
		</include>
		<include condition="String.IsEqual(Window(home).Property(emby.wnodes.21.type),tvshows) + String.IsEqual(Window(home).Property(EmbyHubNr),21)" content="EmbyHubTVShowTemplate">
			<param name="nr" value="21"/>
		</include>
		<include condition="String.IsEqual(Window(home).Property(emby.wnodes.22.type),tvshows) + String.IsEqual(Window(home).Property(EmbyHubNr),22)" content="EmbyHubTVShowTemplate">
			<param name="nr" value="22"/>
		</include>
		<include condition="String.IsEqual(Window(home).Property(emby.wnodes.23.type),tvshows) + String.IsEqual(Window(home).Property(EmbyHubNr),23)" content="EmbyHubTVShowTemplate">
			<param name="nr" value="23"/>
		</include>
		<include condition="String.IsEqual(Window(home).Property(emby.wnodes.24.type),tvshows) + String.IsEqual(Window(home).Property(EmbyHubNr),24)" content="EmbyHubTVShowTemplate">
			<param name="nr" value="24"/>
		</include>
		<include condition="String.IsEqual(Window(home).Property(emby.wnodes.25.type),tvshows) + String.IsEqual(Window(home).Property(EmbyHubNr),25)" content="EmbyHubTVShowTemplate">
			<param name="nr" value="25"/>
		</include>
		<include condition="String.IsEqual(Window(home).Property(emby.wnodes.26.type),tvshows) + String.IsEqual(Window(home).Property(EmbyHubNr),26)" content="EmbyHubTVShowTemplate">
			<param name="nr" value="26"/>
		</include>
		<include condition="String.IsEqual(Window(home).Property(emby.wnodes.27.type),tvshows) + String.IsEqual(Window(home).Property(EmbyHubNr),27)" content="EmbyHubTVShowTemplate">
			<param name="nr" value="27"/>
		</include>
		<include condition="String.IsEqual(Window(home).Property(emby.wnodes.28.type),tvshows) + String.IsEqual(Window(home).Property(EmbyHubNr),28)" content="EmbyHubTVShowTemplate">
			<param name="nr" value="28"/>
		</include>
		<include condition="String.IsEqual(Window(home).Property(emby.wnodes.29.type),tvshows) + String.IsEqual(Window(home).Property(EmbyHubNr),29)" content="EmbyHubTVShowTemplate">
			<param name="nr" value="29"/>
		</include>
	</controls>
</window>
