<?xml version="1.0" encoding="UTF-8"?>
<window>
	<defaultcontrol>11</defaultcontrol>
	<include>PropertyIncludes</include>
	<animation effect="fade" start="100" end="0" time="0">WindowClose</animation>
	<controls>
		<control type="group">
			<visible>!Window.IsVisible(pvrguideinfo)</visible>
			<!--Top-->
			<include>PlayerTopBar</include>
			<!--Bottom-->
			<control type="group">
				<bottom>0</bottom>
				<include content="ParamHeight" condition="!Skin.HasSetting(NoMiniEPG)">
					<param name="height" value="474"/>
				</include>
				<include content="ParamHeight" condition="Skin.HasSetting(NoMiniEPG) + String.IsEqual(Skin.String(EPGar),2to3)">
					<param name="height" value="553"/>
				</include>
				<include content="ParamHeight" condition="Skin.HasSetting(NoMiniEPG) + String.IsEqual(Skin.String(EPGar),4to3)">
					<param name="height" value="425"/>
				</include>
				<include content="ParamHeight" condition="Skin.HasSetting(NoMiniEPG) + String.IsEmpty(Skin.String(EPGar))">
					<param name="height" value="440"/>
				</include>
				<control type="image">
					<bottom>0</bottom>
					<width>100%</width>
					<include content="ParamHeight" condition="!Skin.HasSetting(NoMiniEPG)">
						<param name="height" value="434"/>
					</include>
					<include content="ParamHeight" condition="Skin.HasSetting(NoMiniEPG) + String.IsEqual(Skin.String(EPGar),2to3)">
						<param name="height" value="523"/>
					</include>
					<include content="ParamHeight" condition="Skin.HasSetting(NoMiniEPG) + String.IsEqual(Skin.String(EPGar),4to3)">
						<param name="height" value="395"/>
					</include>
					<include content="ParamHeight" condition="Skin.HasSetting(NoMiniEPG) + String.IsEmpty(Skin.String(EPGar))">
						<param name="height" value="410"/>
					</include>
					<texture colordiffuse="black">views/player/mask_bottom.png</texture>
				</control>
				<include condition="!Skin.HasSetting(NoMiniEPG)">MiniEPG</include>
				<include condition="Skin.HasSetting(NoMiniEPG) + String.IsEmpty(Skin.String(EPGar))" content="WideWidget">
					<param name="id" value="11"/>
					<param name="onup" value="PreviousChannelGroup"/>
					<param name="ondown" value="NextChannelGroup"/>
					<param name="headline" value="[COLOR white]$LOCALIZE[31070] - $INFO[VideoPlayer.ChannelGroup][/COLOR]"/>
					<param name="mainlabel" value="$VAR[MainListLabel]"/>
					<param name="thumblabel" value="$INFO[ListItem.Channelname]"/>
					<param name="sublabel" value="$VAR[SubListLabel]"/>
					<param name="use_custom_content" value="false"/>
					<param name="layout" value="PVRLandscapeLayout"/>
				</include>
				<include condition="Skin.HasSetting(NoMiniEPG) + String.IsEqual(Skin.String(EPGar),4to3)" content="4to3Widget">
					<param name="id" value="11"/>
					<param name="onup" value="PreviousChannelGroup"/>
					<param name="ondown" value="NextChannelGroup"/>
					<param name="headline" value="[COLOR white]$LOCALIZE[31070] - $INFO[VideoPlayer.ChannelGroup][/COLOR]"/>
					<param name="mainlabel" value="$VAR[MainListLabel]"/>
					<param name="thumblabel" value="$INFO[ListItem.Channelname]"/>
					<param name="sublabel" value="$VAR[SubListLabel]"/>
					<param name="use_custom_content" value="false"/>
					<param name="layout" value="PVR4to3Layout"/>
				</include>
				<include condition="Skin.HasSetting(NoMiniEPG) + String.IsEqual(Skin.String(EPGar),2to3)" content="PosterWidget">
					<param name="id" value="11"/>
					<param name="onup" value="PreviousChannelGroup"/>
					<param name="ondown" value="NextChannelGroup"/>
					<param name="headline" value="[COLOR white]$LOCALIZE[31070] - $INFO[VideoPlayer.ChannelGroup][/COLOR]"/>
					<param name="mainlabel" value="$VAR[MainListLabel]"/>
					<param name="thumblabel" value="$INFO[ListItem.Channelname]"/>
					<param name="sublabel" value="$VAR[SubListLabel]"/>
					<param name="use_custom_content" value="false"/>
					<param name="layout" value="PVRPosterLayout"/>
				</include>
			</control>
			<!--Scrollletter-->
			<control type="group">
				<visible>Container(11).Scrolling</visible>
				<animation effect="fade" start="0" end="100" time="120" reversible="true" delay="300">VisibleChange</animation>
				<control type="group">
					<right>23</right>
					<bottom>23</bottom>
					<width>80</width>
					<height>80</height>
					<include>ScrollSortLetterLayout</include>
				</control>
			</control>
		</control>
	</controls>
</window>
