<?xml version="1.0" encoding="UTF-8"?>
<includes>
	<include name="Genre_View">
		<control type="group">
			<control type="list" id="2000">
				<top>-10</top>
				<left>-10</left>
				<width>100</width>
				<height>850</height>
				<pagecontrol>17</pagecontrol>
				<onup>10</onup>
				<onleft>10</onleft>
				<onright>10</onright>
				<ondown>10</ondown>
				<scrolltime>0</scrolltime>
				<itemlayout height="50"/>
				<focusedlayout height="50"/>
				<content sortby="label" sortorder="ascending">$PARAM[content]</content>
			</control>
			<control type="grouplist" id="10">
				<include>Window_OpenClose</include>
				<width>100%</width>
				<height>100%</height>
				<itemgap>-80</itemgap>
				<orientation>vertical</orientation>
				<usecontrolcoords>true</usecontrolcoords>
				<pagecontrol>17</pagecontrol>
				<include>ScrollTime</include>
				<include content="WidgetSpacer">
					<param name="id" value="100"/>
				</include>
				<include content="PosterWidget">
					<param name="id" value="101"/>
					<param name="onup" value="6666"/>
					<param name="ondown" value="102"/>
					<param name="headline" value="$INFO[Container(2000).ListItemAbsolute(0).Label]"/>
					<param name="widget_target" value="videos"/>
					<param name="sortby" value="random"/>
					<param name="limit" value="6"/>
					<param name="content" value="$VAR[GenrePath0]"/>
				</include>
				<include content="PosterWidget">
					<param name="id" value="102"/>
					<param name="onup" value="101"/>
					<param name="ondown" value="103"/>
					<param name="headline" value="$INFO[Container(2000).ListItemAbsolute(1).Label]"/>
					<param name="widget_target" value="videos"/>
					<param name="sortby" value="random"/>
					<param name="limit" value="6"/>
					<param name="content" value="$VAR[GenrePath1]"/>
				</include>
				<include content="PosterWidget">
					<param name="id" value="103"/>
					<param name="onup" value="102"/>
					<param name="ondown" value="104"/>
					<param name="headline" value="$INFO[Container(2000).ListItemAbsolute(2).Label]"/>
					<param name="widget_target" value="videos"/>
					<param name="sortby" value="random"/>
					<param name="limit" value="6"/>
					<param name="content" value="$VAR[GenrePath2]"/>
				</include>
				<include content="PosterWidget">
					<param name="id" value="104"/>
					<param name="onup" value="103"/>
					<param name="ondown" value="105"/>
					<param name="headline" value="$INFO[Container(2000).ListItemAbsolute(3).Label]"/>
					<param name="widget_target" value="videos"/>
					<param name="sortby" value="random"/>
					<param name="limit" value="6"/>
					<param name="content" value="$VAR[GenrePath3]"/>
				</include>
				<include content="PosterWidget">
					<param name="id" value="105"/>
					<param name="onup" value="104"/>
					<param name="ondown" value="106"/>
					<param name="headline" value="$INFO[Container(2000).ListItemAbsolute(4).Label]"/>
					<param name="widget_target" value="videos"/>
					<param name="sortby" value="random"/>
					<param name="limit" value="6"/>
					<param name="content" value="$VAR[GenrePath4]"/>
				</include>
				<include content="PosterWidget">
					<param name="id" value="106"/>
					<param name="onup" value="105"/>
					<param name="ondown" value="107"/>
					<param name="headline" value="$INFO[Container(2000).ListItemAbsolute(5).Label]"/>
					<param name="widget_target" value="videos"/>
					<param name="sortby" value="random"/>
					<param name="limit" value="6"/>
					<param name="content" value="$VAR[GenrePath5]"/>
				</include>
				<include content="PosterWidget">
					<param name="id" value="107"/>
					<param name="onup" value="106"/>
					<param name="ondown" value="108"/>
					<param name="headline" value="$INFO[Container(2000).ListItemAbsolute(6).Label]"/>
					<param name="widget_target" value="videos"/>
					<param name="sortby" value="random"/>
					<param name="limit" value="6"/>
					<param name="content" value="$VAR[GenrePath6]"/>
				</include>
				<include content="PosterWidget">
					<param name="id" value="108"/>
					<param name="onup" value="107"/>
					<param name="ondown" value="109"/>
					<param name="headline" value="$INFO[Container(2000).ListItemAbsolute(7).Label]"/>
					<param name="widget_target" value="videos"/>
					<param name="sortby" value="random"/>
					<param name="limit" value="6"/>
					<param name="content" value="$VAR[GenrePath7]"/>
				</include>
				<include content="PosterWidget">
					<param name="id" value="109"/>
					<param name="onup" value="108"/>
					<param name="ondown" value="110"/>
					<param name="headline" value="$INFO[Container(2000).ListItemAbsolute(8).Label]"/>
					<param name="widget_target" value="videos"/>
					<param name="sortby" value="random"/>
					<param name="limit" value="6"/>
					<param name="content" value="$VAR[GenrePath8]"/>
				</include>
				<include content="PosterWidget">
					<param name="id" value="110"/>
					<param name="onup" value="109"/>
					<param name="ondown" value="111"/>
					<param name="headline" value="$INFO[Container(2000).ListItemAbsolute(9).Label]"/>
					<param name="widget_target" value="videos"/>
					<param name="sortby" value="random"/>
					<param name="limit" value="6"/>
					<param name="content" value="$VAR[GenrePath9]"/>
				</include>
				<include content="PosterWidget">
					<param name="id" value="111"/>
					<param name="onup" value="110"/>
					<param name="ondown" value="112"/>
					<param name="headline" value="$INFO[Container(2000).ListItemAbsolute(10).Label]"/>
					<param name="widget_target" value="videos"/>
					<param name="sortby" value="random"/>
					<param name="limit" value="6"/>
					<param name="content" value="$VAR[GenrePath10]"/>
				</include>
				<include content="PosterWidget">
					<param name="id" value="112"/>
					<param name="onup" value="111"/>
					<param name="ondown" value="113"/>
					<param name="headline" value="$INFO[Container(2000).ListItemAbsolute(11).Label]"/>
					<param name="widget_target" value="videos"/>
					<param name="sortby" value="random"/>
					<param name="limit" value="6"/>
					<param name="content" value="$VAR[GenrePath11]"/>
				</include>
				<include content="PosterWidget">
					<param name="id" value="113"/>
					<param name="onup" value="112"/>
					<param name="ondown" value="114"/>
					<param name="headline" value="$INFO[Container(2000).ListItemAbsolute(12).Label]"/>
					<param name="widget_target" value="videos"/>
					<param name="sortby" value="random"/>
					<param name="limit" value="6"/>
					<param name="content" value="$VAR[GenrePath12]"/>
				</include>
				<include content="PosterWidget">
					<param name="id" value="114"/>
					<param name="onup" value="113"/>
					<param name="ondown" value="115"/>
					<param name="headline" value="$INFO[Container(2000).ListItemAbsolute(13).Label]"/>
					<param name="widget_target" value="videos"/>
					<param name="sortby" value="random"/>
					<param name="limit" value="6"/>
					<param name="content" value="$VAR[GenrePath13]"/>
				</include>
				<include content="PosterWidget">
					<param name="id" value="115"/>
					<param name="onup" value="114"/>
					<param name="ondown" value="116"/>
					<param name="headline" value="$INFO[Container(2000).ListItemAbsolute(14).Label]"/>
					<param name="widget_target" value="videos"/>
					<param name="sortby" value="random"/>
					<param name="limit" value="6"/>
					<param name="content" value="$VAR[GenrePath14]"/>
				</include>
				<include content="PosterWidget">
					<param name="id" value="116"/>
					<param name="onup" value="115"/>
					<param name="ondown" value="117"/>
					<param name="headline" value="$INFO[Container(2000).ListItemAbsolute(15).Label]"/>
					<param name="widget_target" value="videos"/>
					<param name="sortby" value="random"/>
					<param name="limit" value="6"/>
					<param name="content" value="$VAR[GenrePath15]"/>
				</include>
				<include content="PosterWidget">
					<param name="id" value="117"/>
					<param name="onup" value="116"/>
					<param name="ondown" value="118"/>
					<param name="headline" value="$INFO[Container(2000).ListItemAbsolute(16).Label]"/>
					<param name="widget_target" value="videos"/>
					<param name="sortby" value="random"/>
					<param name="limit" value="6"/>
					<param name="content" value="$VAR[GenrePath16]"/>
				</include>
				<include content="PosterWidget">
					<param name="id" value="118"/>
					<param name="onup" value="117"/>
					<param name="ondown" value="119"/>
					<param name="headline" value="$INFO[Container(2000).ListItemAbsolute(17).Label]"/>
					<param name="widget_target" value="videos"/>
					<param name="sortby" value="random"/>
					<param name="limit" value="6"/>
					<param name="content" value="$VAR[GenrePath17]"/>
				</include>
				<include content="PosterWidget">
					<param name="id" value="119"/>
					<param name="onup" value="118"/>
					<param name="ondown" value="120"/>
					<param name="headline" value="$INFO[Container(2000).ListItemAbsolute(18).Label]"/>
					<param name="widget_target" value="videos"/>
					<param name="sortby" value="random"/>
					<param name="limit" value="6"/>
					<param name="content" value="$VAR[GenrePath18]"/>
				</include>
				<include content="PosterWidget">
					<param name="id" value="120"/>
					<param name="onup" value="119"/>
					<param name="ondown" value="121"/>
					<param name="headline" value="$INFO[Container(2000).ListItemAbsolute(19).Label]"/>
					<param name="widget_target" value="videos"/>
					<param name="sortby" value="random"/>
					<param name="limit" value="6"/>
					<param name="content" value="$VAR[GenrePath19]"/>
				</include>
				<include content="PosterWidget">
					<param name="id" value="121"/>
					<param name="onup" value="120"/>
					<param name="ondown" value="122"/>
					<param name="headline" value="$INFO[Container(2000).ListItemAbsolute(20).Label]"/>
					<param name="widget_target" value="videos"/>
					<param name="sortby" value="random"/>
					<param name="limit" value="6"/>
					<param name="content" value="$VAR[GenrePath20]"/>
				</include>
				<include content="PosterWidget">
					<param name="id" value="122"/>
					<param name="onup" value="121"/>
					<param name="ondown" value="123"/>
					<param name="headline" value="$INFO[Container(2000).ListItemAbsolute(21).Label]"/>
					<param name="widget_target" value="videos"/>
					<param name="sortby" value="random"/>
					<param name="limit" value="6"/>
					<param name="content" value="$VAR[GenrePath21]"/>
				</include>
				<include content="PosterWidget">
					<param name="id" value="123"/>
					<param name="onup" value="122"/>
					<param name="ondown" value="124"/>
					<param name="headline" value="$INFO[Container(2000).ListItemAbsolute(22).Label]"/>
					<param name="widget_target" value="videos"/>
					<param name="sortby" value="random"/>
					<param name="limit" value="6"/>
					<param name="content" value="$VAR[GenrePath22]"/>
				</include>
				<include content="PosterWidget">
					<param name="id" value="124"/>
					<param name="onup" value="123"/>
					<param name="ondown" value="125"/>
					<param name="headline" value="$INFO[Container(2000).ListItemAbsolute(23).Label]"/>
					<param name="widget_target" value="videos"/>
					<param name="sortby" value="random"/>
					<param name="limit" value="6"/>
					<param name="content" value="$VAR[GenrePath23]"/>
				</include>
				<include content="PosterWidget">
					<param name="id" value="125"/>
					<param name="onup" value="124"/>
					<param name="ondown" value="126"/>
					<param name="headline" value="$INFO[Container(2000).ListItemAbsolute(24).Label]"/>
					<param name="widget_target" value="videos"/>
					<param name="sortby" value="random"/>
					<param name="limit" value="6"/>
					<param name="content" value="$VAR[GenrePath24]"/>
				</include>
				<include content="PosterWidget">
					<param name="id" value="126"/>
					<param name="onup" value="125"/>
					<param name="ondown" value="127"/>
					<param name="headline" value="$INFO[Container(2000).ListItemAbsolute(25).Label]"/>
					<param name="widget_target" value="videos"/>
					<param name="sortby" value="random"/>
					<param name="limit" value="6"/>
					<param name="content" value="$VAR[GenrePath25]"/>
				</include>
				<include content="PosterWidget">
					<param name="id" value="127"/>
					<param name="onup" value="126"/>
					<param name="ondown" value="128"/>
					<param name="headline" value="$INFO[Container(2000).ListItemAbsolute(26).Label]"/>
					<param name="widget_target" value="videos"/>
					<param name="sortby" value="random"/>
					<param name="limit" value="6"/>
					<param name="content" value="$VAR[GenrePath26]"/>
				</include>
				<include content="PosterWidget">
					<param name="id" value="128"/>
					<param name="onup" value="127"/>
					<param name="ondown" value="129"/>
					<param name="headline" value="$INFO[Container(2000).ListItemAbsolute(27).Label]"/>
					<param name="widget_target" value="videos"/>
					<param name="sortby" value="random"/>
					<param name="limit" value="6"/>
					<param name="content" value="$VAR[GenrePath27]"/>
				</include>
				<include content="PosterWidget">
					<param name="id" value="129"/>
					<param name="onup" value="128"/>
					<param name="ondown" value="130"/>
					<param name="headline" value="$INFO[Container(2000).ListItemAbsolute(28).Label]"/>
					<param name="widget_target" value="videos"/>
					<param name="sortby" value="random"/>
					<param name="limit" value="6"/>
					<param name="content" value="$VAR[GenrePath28]"/>
				</include>
				<include content="PosterWidget">
					<param name="id" value="130"/>
					<param name="onup" value="129"/>
					<param name="ondown" value="131"/>
					<param name="headline" value="$INFO[Container(2000).ListItemAbsolute(29).Label]"/>
					<param name="widget_target" value="videos"/>
					<param name="sortby" value="random"/>
					<param name="limit" value="6"/>
					<param name="content" value="$VAR[GenrePath29]"/>
				</include>
				<include content="PosterWidget">
					<param name="id" value="131"/>
					<param name="onup" value="130"/>
					<param name="ondown" value="132"/>
					<param name="headline" value="$INFO[Container(2000).ListItemAbsolute(30).Label]"/>
					<param name="widget_target" value="videos"/>
					<param name="sortby" value="random"/>
					<param name="limit" value="6"/>
					<param name="content" value="$VAR[GenrePath30]"/>
				</include>
				<include content="PosterWidget">
					<param name="id" value="132"/>
					<param name="onup" value="131"/>
					<param name="ondown" value="133"/>
					<param name="headline" value="$INFO[Container(2000).ListItemAbsolute(31).Label]"/>
					<param name="widget_target" value="videos"/>
					<param name="sortby" value="random"/>
					<param name="limit" value="6"/>
					<param name="content" value="$VAR[GenrePath31]"/>
				</include>
				<include content="PosterWidget">
					<param name="id" value="133"/>
					<param name="onup" value="132"/>
					<param name="ondown" value="134"/>
					<param name="headline" value="$INFO[Container(2000).ListItemAbsolute(32).Label]"/>
					<param name="widget_target" value="videos"/>
					<param name="sortby" value="random"/>
					<param name="limit" value="6"/>
					<param name="content" value="$VAR[GenrePath32]"/>
				</include>
				<include content="PosterWidget">
					<param name="id" value="134"/>
					<param name="onup" value="133"/>
					<param name="ondown" value="135"/>
					<param name="headline" value="$INFO[Container(2000).ListItemAbsolute(33).Label]"/>
					<param name="widget_target" value="videos"/>
					<param name="sortby" value="random"/>
					<param name="limit" value="6"/>
					<param name="content" value="$VAR[GenrePath33]"/>
				</include>
				<include content="PosterWidget">
					<param name="id" value="135"/>
					<param name="onup" value="134"/>
					<param name="ondown" value="136"/>
					<param name="headline" value="$INFO[Container(2000).ListItemAbsolute(34).Label]"/>
					<param name="widget_target" value="videos"/>
					<param name="sortby" value="random"/>
					<param name="limit" value="6"/>
					<param name="content" value="$VAR[GenrePath34]"/>
				</include>
				<include content="PosterWidget">
					<param name="id" value="136"/>
					<param name="onup" value="135"/>
					<param name="ondown" value="137"/>
					<param name="headline" value="$INFO[Container(2000).ListItemAbsolute(35).Label]"/>
					<param name="widget_target" value="videos"/>
					<param name="sortby" value="random"/>
					<param name="limit" value="6"/>
					<param name="content" value="$VAR[GenrePath35]"/>
				</include>
				<include content="PosterWidget">
					<param name="id" value="137"/>
					<param name="onup" value="136"/>
					<param name="ondown" value="138"/>
					<param name="headline" value="$INFO[Container(2000).ListItemAbsolute(36).Label]"/>
					<param name="widget_target" value="videos"/>
					<param name="sortby" value="random"/>
					<param name="limit" value="6"/>
					<param name="content" value="$VAR[GenrePath36]"/>
				</include>
				<include content="PosterWidget">
					<param name="id" value="138"/>
					<param name="onup" value="137"/>
					<param name="ondown" value="139"/>
					<param name="headline" value="$INFO[Container(2000).ListItemAbsolute(37).Label]"/>
					<param name="widget_target" value="videos"/>
					<param name="sortby" value="random"/>
					<param name="limit" value="6"/>
					<param name="content" value="$VAR[GenrePath37]"/>
				</include>
				<include content="PosterWidget">
					<param name="id" value="139"/>
					<param name="onup" value="138"/>
					<param name="ondown" value="140"/>
					<param name="headline" value="$INFO[Container(2000).ListItemAbsolute(38).Label]"/>
					<param name="widget_target" value="videos"/>
					<param name="sortby" value="random"/>
					<param name="limit" value="6"/>
					<param name="content" value="$VAR[GenrePath38]"/>
				</include>
				<include content="PosterWidget">
					<param name="id" value="140"/>
					<param name="onup" value="139"/>
					<param name="ondown" value="141"/>
					<param name="headline" value="$INFO[Container(2000).ListItemAbsolute(39).Label]"/>
					<param name="widget_target" value="videos"/>
					<param name="sortby" value="random"/>
					<param name="limit" value="6"/>
					<param name="content" value="$VAR[GenrePath39]"/>
				</include>
				<include content="PosterWidget">
					<param name="id" value="141"/>
					<param name="onup" value="140"/>
					<param name="ondown" value="142"/>
					<param name="headline" value="$INFO[Container(2000).ListItemAbsolute(40).Label]"/>
					<param name="widget_target" value="videos"/>
					<param name="sortby" value="random"/>
					<param name="limit" value="6"/>
					<param name="content" value="$VAR[GenrePath40]"/>
				</include>
				<include content="PosterWidget">
					<param name="id" value="142"/>
					<param name="onup" value="141"/>
					<param name="ondown" value="143"/>
					<param name="headline" value="$INFO[Container(2000).ListItemAbsolute(41).Label]"/>
					<param name="widget_target" value="videos"/>
					<param name="sortby" value="random"/>
					<param name="limit" value="6"/>
					<param name="content" value="$VAR[GenrePath41]"/>
				</include>
				<include content="PosterWidget">
					<param name="id" value="143"/>
					<param name="onup" value="142"/>
					<param name="ondown" value="144"/>
					<param name="headline" value="$INFO[Container(2000).ListItemAbsolute(42).Label]"/>
					<param name="widget_target" value="videos"/>
					<param name="sortby" value="random"/>
					<param name="limit" value="6"/>
					<param name="content" value="$VAR[GenrePath42]"/>
				</include>
				<include content="PosterWidget">
					<param name="id" value="144"/>
					<param name="onup" value="143"/>
					<param name="ondown" value="145"/>
					<param name="headline" value="$INFO[Container(2000).ListItemAbsolute(43).Label]"/>
					<param name="widget_target" value="videos"/>
					<param name="sortby" value="random"/>
					<param name="limit" value="6"/>
					<param name="content" value="$VAR[GenrePath43]"/>
				</include>
				<include content="PosterWidget">
					<param name="id" value="145"/>
					<param name="onup" value="144"/>
					<param name="ondown" value="146"/>
					<param name="headline" value="$INFO[Container(2000).ListItemAbsolute(44).Label]"/>
					<param name="widget_target" value="videos"/>
					<param name="sortby" value="random"/>
					<param name="limit" value="6"/>
					<param name="content" value="$VAR[GenrePath44]"/>
				</include>
				<include content="PosterWidget">
					<param name="id" value="146"/>
					<param name="onup" value="145"/>
					<param name="ondown" value="147"/>
					<param name="headline" value="$INFO[Container(2000).ListItemAbsolute(45).Label]"/>
					<param name="widget_target" value="videos"/>
					<param name="sortby" value="random"/>
					<param name="limit" value="6"/>
					<param name="content" value="$VAR[GenrePath45]"/>
				</include>
				<include content="PosterWidget">
					<param name="id" value="147"/>
					<param name="onup" value="146"/>
					<param name="ondown" value="148"/>
					<param name="headline" value="$INFO[Container(2000).ListItemAbsolute(46).Label]"/>
					<param name="widget_target" value="videos"/>
					<param name="sortby" value="random"/>
					<param name="limit" value="6"/>
					<param name="content" value="$VAR[GenrePath46]"/>
				</include>
				<include content="PosterWidget">
					<param name="id" value="148"/>
					<param name="onup" value="147"/>
					<param name="ondown" value="149"/>
					<param name="headline" value="$INFO[Container(2000).ListItemAbsolute(47).Label]"/>
					<param name="widget_target" value="videos"/>
					<param name="sortby" value="random"/>
					<param name="limit" value="6"/>
					<param name="content" value="$VAR[GenrePath47]"/>
				</include>
				<include content="PosterWidget">
					<param name="id" value="149"/>
					<param name="onup" value="148"/>
					<param name="ondown" value="150"/>
					<param name="headline" value="$INFO[Container(2000).ListItemAbsolute(48).Label]"/>
					<param name="widget_target" value="videos"/>
					<param name="sortby" value="random"/>
					<param name="limit" value="6"/>
					<param name="content" value="$VAR[GenrePath48]"/>
				</include>
				<include content="PosterWidget">
					<param name="id" value="150"/>
					<param name="onup" value="149"/>
					<param name="ondown" value="151"/>
					<param name="headline" value="$INFO[Container(2000).ListItemAbsolute(49).Label]"/>
					<param name="widget_target" value="videos"/>
					<param name="sortby" value="random"/>
					<param name="limit" value="6"/>
					<param name="content" value="$VAR[GenrePath49]"/>
				</include>
			</control>
		</control>
	</include>
</includes>