<?xml version="1.0" encoding="UTF-8"?>
<includes>
	<include name="Set_View_56">
		<!-- set 56 -->
		<control type="grouplist" id="560">
			<include>Visible_OpenClose</include>
			<visible>Control.IsVisible(56)</visible>
			<width>100%</width>
			<height>100%</height>
			<orientation>vertical</orientation>
			<usecontrolcoords>true</usecontrolcoords>
			<pagecontrol>17</pagecontrol>
			<include>ScrollTime</include>
			<itemgap>-80</itemgap>
			<!-- Meta -->
			<control type="group">
				<height>1077</height>
				<control type="group">
					<top>128</top>
					<height>435</height>
					<!-- poster -->
					<include content="MetaPoster">
						<param name="visible" value="Integer.IsGreater(Container.NumItems,0)"/>
					</include>
					<!-- meta -->
					<control type="group">
						<visible>!ListItem.IsParentFolder</visible>
						<top>-5</top>
						<left>370</left>
						<right>70</right>
						<height>500</height>
						<!-- title -->
						<control type="label">
							<right>440</right>
							<height>60</height>
							<label>$INFO[ListItem.Title]</label>
							<aligny>top</aligny>
							<font>Reg37</font>
						</control>
						<!-- meta -->
						<control type="group">
							<top>60</top>
							<right>440</right>
							<height>40</height>
							<include>MetaSetInfos</include>
							<visible>Container.Content(sets) | String.IsEqual(ListItem.DBType,set)</visible>
						</control>
						<control type="group">
							<top>60</top>
							<right>440</right>
							<height>40</height>
							<include>MetaShowInfos</include>
							<visible>Container.Content(tvshows)</visible>
						</control>
						<control type="group">
							<top>60</top>
							<right>440</right>
							<height>40</height>
							<include>MetaMovieInfos</include>
							<visible>!Container.Content(tvshows) + !Container.Content(sets) + !String.IsEqual(ListItem.DBType,set)</visible>
						</control>
						<!-- buttons -->
						<control type="list" id="100">
							<top>88</top>
							<height>130</height>
							<width>100%</width>
							<orientation>horizontal</orientation>
							<defaultcontrol always="true">0</defaultcontrol>
							<onright>noop</onright>
							<onleft>900</onleft>
							<onback>50</onback>
							<ondown>50</ondown>
							<onup>6666</onup>
							<include>FocusBounce</include>
							<itemlayout height="130" width="146">
								<include content="IconMenu">
									<param name="id" value="100"/>
								</include>
							</itemlayout>
							<focusedlayout height="130" width="146">
								<include content="IconMenu">
									<param name="id" value="100"/>
									<param name="focused" value="true"/>
								</include>
							</focusedlayout>
							<content>
								<item>
									<visible>!String.IsEmpty(ListItem.FileNameAndPath)</visible>
									<label>$LOCALIZE[208]</label>
									<property name="icon">&#xf40a;</property>
									<include>ClearFocusBounceBefore</include>
									<onclick condition="![$EXP[ForceCinemaMode] + !String.IsEmpty(ListItem.DBID) + !String.IsEqual(.ListItem.DBType,episodes) + !Integer.IsGreater(ListItem.PercentPlayed,0)]">Select</onclick>
									<onclick condition="$EXP[ForceCinemaMode] + !String.IsEmpty(ListItem.DBID) + !String.IsEqual(ListItem.DBType,episodes) + !Integer.IsGreater(ListItem.PercentPlayed,0)">RunScript(script.embuary.helper,action=playcinema)</onclick>
								</item>
								<!--
								<item>
									<visible>!String.IsEmpty(ListItem.SetId) + !String.IsEmpty(ListItem.DBID) + !String.Contains(Container.Folderpath,videodb://movies/sets/)</visible>
									<label>[CAPITALIZE]$LOCALIZE[31189][/CAPITALIZE]</label>
									<property name="icon">&#xf24b;</property>
									<include>ClearFocusBounceBefore</include>
									<onclick>RunScript(script.embuary.helper,action=goto,path='"videodb://movies/sets/$INFO[ListItem.SetId]/?setid=$INFO[ListItem.SetId]"',target=videos)</onclick>
								</item>-->
								<item>
									<visible>[Container.Content(tvshows) | String.IsEqual(ListItem.DBType,set)] + String.IsEmpty(ListItem.FileNameAndPath)</visible>
									<label>$LOCALIZE[1024]</label>
									<property name="icon">&#xf24b;</property>
									<include>ClearFocusBounceBefore</include>
									<onclick>Select</onclick>
								</item>
								<item>
									<label>$LOCALIZE[208]</label>
									<property name="icon">&#xf40a;</property>
									<include>ClearFocusBounceBefore</include>
									<onclick>RunScript(script.embuary.helper,action=playfolder,dbid=$INFO[ListItem.DBID])</onclick>
									<visible>!String.IsEmpty(ListItem.DBID) + String.IsEqual(ListItem.DBType,tvshow)</visible>
								</item>
								<item>
									<label>$LOCALIZE[31323]</label>
									<property name="icon">&#xf49d;</property>
									<include>ClearFocusBounceBefore</include>
									<onclick>RunScript(script.embuary.helper,action=playfolder,dbid=$INFO[ListItem.DBID],shuffle=true)</onclick>
									<visible>!String.IsEmpty(ListItem.DBID) + String.IsEqual(ListItem.DBType,tvshow)</visible>
								</item>
								<item>
									<visible>!String.IsEmpty(ListItem.Trailer)</visible>
									<label>$LOCALIZE[20410]</label>
									<property name="icon">&#xf230;</property>
									<onclick>PlayMedia($INFO[ListItem.Trailer])</onclick>
								</item>
								<item>
									<visible>!String.IsEmpty(ListItem.Plot) | !String.IsEmpty(Container(2001).ListItem.Label)</visible>
									<label>$LOCALIZE[207]</label>
									<property name="icon">&#xf9a9;</property>
									<onclick condition="!String.IsEqual(ListItem.DBType,set)">RunScript(script.embuary.helper,action=textviewer,header='$ESCINFO[ListItem.Title]',message='$ESCINFO[ListItem.Plot]')</onclick>
									<onclick condition="String.IsEqual(ListItem.DBType,set) + !String.IsEmpty(Container(2001).ListItem.Label)">RunScript(script.embuary.helper,action=textviewer,header='$ESCINFO[ListItem.Title]',message='$ESCVAR[ListViewPlot]')</onclick>
								</item>
								<item>
									<visible>System.HasAddon(plugin.video.youtube) + [Container.Content(movies) | Container.Content(tvshows)]</visible>
									<label>YouTube</label>
									<property name="icon">&#xf5c3;</property>
									<include>ClearFocusBounceBefore</include>
									<onclick condition="Container.Content(tvshows)">RunScript(script.embuary.helper,action=goto,path='"plugin://plugin.video.youtube/kodion/search/query/?q=$INFO[ListItem.TVShowTitle]&amp;search_type=videos"',target=videos)</onclick>
									<onclick condition="Container.Content(movies)">RunScript(script.embuary.helper,action=goto,path='"plugin://plugin.video.youtube/kodion/search/query/?q=$INFO[ListItem.Title]&amp;search_type=videos"',target=videos)</onclick>
								</item>
								<item>
									<label>$LOCALIZE[16101]</label>
									<property name="icon">&#xfe6e;</property>
									<include>ToggleWatchedAction</include>
									<visible>!$EXP[IsWatched]</visible>
								</item>
								<item>
									<label>$LOCALIZE[16102]</label>
									<property name="icon">&#xfe6e;</property>
									<property name="color">red</property>
									<include>ToggleWatchedAction</include>
									<visible>$EXP[IsWatched]</visible>
								</item>
								<item>
									<visible>$EXP[HasEmbyContext] | $EXP[HasEmbyConContext]</visible>
									<label>$LOCALIZE[31366]</label>
									<property name="icon">&#xf1d8;</property>
									<onclick condition="$EXP[HasEmbyContext]">RunScript(special://home/addons/plugin.video.emby/context.py)</onclick>
									<onclick condition="$EXP[HasEmbyConContext]">RunPlugin(plugin://plugin.video.embycon?mode=SHOW_MENU&amp;item_id=$INFO[ListItem.Property(id)])</onclick>
								</item>
							</content>
						</control>
						<!-- genre -->
						<control type="group">
							<top>209</top>
							<include>MetaGenre</include>
						</control>
						<!-- plot -->
						<control type="textbox">
							<top>246</top>
							<width>100%</width>
							<height max="135">auto</height>
							<align>justify</align>
							<aligny>top</aligny>
							<label>$VAR[SetViewPlot]</label>
							<font>Light24</font>
							<autoscroll>false</autoscroll>
						</control>
						<!-- video meta-->
						<control type="group">
							<top>390</top>
							<height>40</height>
							<include>MetaMediaInfo</include>
						</control>
					</control>
					<!-- logo -->
					<include>MetaClearlogo</include>
				</control>
				<control type="group">
					<top>524</top>
					<include content="JumpToLetterHorizontal">
						<param name="top" value="48"/>
					</include>
					<!-- items -->
					<include content="PosterWidget">
						<param name="id" value="56"/>
						<param name="onup" value="7001"/>
						<param name="ondown" value="5600"/>
						<param name="headline" value="$VAR[ContainerContent]"/>
						<param name="sublabel" value=""/>
						<param name="use_custom_content" value="false"/>
						<param name="height">553</param>
						<param name="content_visible">$EXP[SetViewVisible]</param>
						<param name="list_name">$LOCALIZE[31199]</param>
					</include>
				</control>
			</control>
			<!-- Cast -->
			<include content="CastWidget">
				<param name="visible" value="[Container.Content(movies) | Container.Content(tvshows)] + !String.IsEqual(ListItem.DBType,set) + Integer.IsGreater(Container(2000).NumItems,0)"/>
				<param name="content_visible" value="[Container.Content(movies) | Container.Content(tvshows)] + !String.IsEqual(ListItem.DBType,set)"/>
				<param name="id" value="5600"/>
				<param name="onup" value="56"/>
				<param name="ondown" value="5601"/>
				<param name="onback" value="56"/>
				<param name="content" value="$VAR[View_Cast_Content]"/>
			</include>
			<!-- Set movies -->
			<include content="PosterWidget">
				<param name="visible" value="!ListItem.IsParentFolder + [Container.Content(sets) | String.IsEqual(ListItem.DBType,set)]"/>
				<param name="force_visible" value="true"/>
				<param name="id" value="5601"/>
				<param name="onup" value="5600"/>
				<param name="ondown" value="noop"/>
				<param name="onback" value="56"/>
				<param name="mainlabel" value="$INFO[ListItem.Label]"/>
				<param name="sublabel" value="$INFO[ListItem.Year]"/>
				<param name="headline" value="$LOCALIZE[31192]"/>
				<param name="sortby" value="year"/>
				<param name="sortorder" value="ascending"/>
				<param name="use_custom_onclick" value="true"/>
				<param name="onclick" value="RunScript(script.embuary.helper,action=playitem,item='$ESCINFO[ListItem.Filenameandpath]')"/>
				<param name="content" value="$INFO[ListItem.FolderPath]"/>
			</include>
		</control>
	</include>
</includes>