<?xml version="1.0" encoding="UTF-8"?>
<includes>
	<include name="Episode_View_55">
		<!-- season 55 -->
		<control type="grouplist" id="550">
			<include>Visible_OpenClose</include>
			<visible>Control.IsVisible(55)</visible>
			<width>100%</width>
			<height>100%</height>
			<orientation>vertical</orientation>
			<usecontrolcoords>true</usecontrolcoords>
			<pagecontrol>17</pagecontrol>
			<include>ScrollTime</include>
			<itemgap>-80</itemgap>
			<!-- Meta -->
			<control type="group">
				<width>1920</width>
				<height>970</height>
				<control type="group">
					<top>128</top>
					<height>435</height>
					<width>1920</width>
					<!-- thumb -->
					<include>MetaPoster</include>
					<!-- meta -->
					<control type="group">
						<visible>!ListItem.IsParentFolder</visible>
						<top>-5</top>
						<left>370</left>
						<right>70</right>
						<height>500</height>
						<control type="label">
							<right>440</right>
							<height>50</height>
							<label>$INFO[ListItem.TvShowTitle]</label>
							<font>Reg37</font>
							<aligny>top</aligny>
						</control>
						<control type="label">
							<top>50</top>
							<right>440</right>
							<height>60</height>
							<label>$VAR[ListItemSeasonEpisode]$INFO[ListItem.Title]</label>
							<font>Reg37</font>
							<aligny>top</aligny>
						</control>
						<!-- meta -->
						<control type="group">
							<top>110</top>
							<right>440</right>
							<height>40</height>
							<include>MetaEpisodeInfos</include>
						</control>
						<!-- buttons -->
						<control type="list" id="100">
							<top>138</top>
							<height>130</height>
							<width>100%</width>
							<orientation>horizontal</orientation>
							<defaultcontrol always="true">0</defaultcontrol>
							<onright>noop</onright>
							<onleft>900</onleft>
							<onback>50</onback>
							<ondown>50</ondown>
							<onup>6666</onup>
							<include>FocusBounce</include>
							<itemlayout height="130" width="146">
								<include content="IconMenu">
									<param name="id" value="100"/>
								</include>
							</itemlayout>
							<focusedlayout height="130" width="146">
								<include content="IconMenu">
									<param name="id" value="100"/>
									<param name="focused" value="true"/>
								</include>
							</focusedlayout>
							<content>
								<item>
									<visible>!String.IsEmpty(ListItem.FileNameAndPath)</visible>
									<label>$LOCALIZE[208]</label>
									<property name="icon">&#xf40a;</property>
									<include>ClearFocusBounceBefore</include>
									<onclick condition="![$EXP[ForceCinemaMode] + !String.IsEmpty(ListItem.DBID) + !String.IsEqual(Skin.String(CinemaModeFor,movies)) + !Integer.IsGreater(ListItem.PercentPlayed,0)]">Select</onclick>
									<onclick condition="$EXP[ForceCinemaMode] + !String.IsEmpty(ListItem.DBID) + !String.IsEqual(Skin.String(CinemaModeFor,movies)) + !Integer.IsGreater(ListItem.PercentPlayed,0)">RunScript(script.embuary.helper,action=playcinema)</onclick>
								</item>
								<item>
									<visible>String.StartsWith(Container.Folderpath,videodb://)</visible>
									<label>$LOCALIZE[22083]</label>
									<property name="icon">&#xf411;</property>
									<include>ClearFocusBounceBefore</include>
									<onclick>RunScript(script.embuary.helper,action=playall)</onclick>
								</item>
								<item>
									<visible>String.StartsWith(Container.Folderpath,videodb://)</visible>
									<label>$LOCALIZE[31323]</label>
									<property name="icon">&#xf49d;</property>
									<include>ClearFocusBounceBefore</include>
									<onclick>RunScript(script.embuary.helper,action=playall,method=shuffle)</onclick>
								</item>
								<item>
									<visible>!String.IsEmpty(ListItem.Plot)</visible>
									<label>$LOCALIZE[207]</label>
									<property name="icon">&#xf9a9;</property>
									<onclick>RunScript(script.embuary.helper,action=textviewer,header='$ESCINFO[ListItem.TVShowTitle]',message='$ESCVAR[TinyInfoDialogPlot]')</onclick>>
								</item>
								<item>
									<label>$LOCALIZE[16101]</label>
									<property name="icon">&#xfe6e;</property>
									<include>ToggleWatchedAction</include>
									<visible>!$EXP[IsWatched]</visible>
								</item>
								<item>
									<label>$LOCALIZE[16102]</label>
									<property name="icon">&#xfe6e;</property>
									<property name="color">red</property>
									<include>ToggleWatchedAction</include>
									<visible>$EXP[IsWatched]</visible>
								</item>
								<item>
									<visible>$EXP[HasEmbyContext] | $EXP[HasEmbyConContext]</visible>
									<label>$LOCALIZE[31366]</label>
									<property name="icon">&#xf1d8;</property>
									<onclick condition="$EXP[HasEmbyContext]">RunScript(special://home/addons/plugin.video.emby/context.py)</onclick>
									<onclick condition="$EXP[HasEmbyConContext]">RunPlugin(plugin://plugin.video.embycon?mode=SHOW_MENU&amp;item_id=$INFO[ListItem.Property(id)])</onclick>
								</item>
							</content>
						</control>
						<!-- genre -->
						<control type="group">
							<top>259</top>
							<include>MetaGenre</include>
						</control>
						<!-- plot -->
						<control type="textbox">
							<top>296</top>
							<width>100%</width>
							<height max="65">auto</height>
							<align>justify</align>
							<aligny>top</aligny>
							<label>$VAR[SetViewPlot]</label>
							<font>Light24</font>
							<autoscroll>false</autoscroll>
						</control>
						<!-- video meta-->
						<control type="group">
							<top>390</top>
							<height>40</height>
							<include>MetaMediaInfo</include>
						</control>
					</control>
					<!-- logo -->
					<include>MetaClearlogo</include>
				</control>
				<control type="group">
					<top>534</top>
					<!-- Episodes -->
					<include content="WideWidget">
						<param name="id" value="55"/>
						<param name="onup" value="100"/>
						<param name="ondown" value="1000"/>
						<param name="sublabel" value=""/>
						<param name="sortby" value="playcount"/>
						<param name="sortorder" value="descending"/>
						<param name="headline" value="$VAR[EpisodesSpecialsHeadline]"/>
						<param name="use_custom_content" value="false"/>
						<param name="content_visible" value="$EXP[EpisodeViewVisible] + Skin.HasSetting(ViewEpisodeToggle)"/>
						<param name="list_name" value="$LOCALIZE[31199]"/>
						<param name="icon" value="$VAR[IconEpisodeThumb]"/>
						<param name="height" value="438"/>
					</include>
				</control>
			</control>
			<!-- Cast -->
			<include content="CastWidget">
				<param name="visible" value="Integer.IsGreater(Container(2000).NumItems,0)"/>
				<param name="id" value="1000"/>
				<param name="onup" value="55"/>
				<param name="ondown" value="noop"/>
				<param name="onback" value="55"/>
				<param name="content" value="$VAR[View_Cast_Content]"/>
			</include>
		</control>
	</include>
</includes>