<?xml version="1.0" encoding="UTF-8"?>
<window>
	<defaultcontrol always="true">50</defaultcontrol>
	<backgroundcolor>background</backgroundcolor>
	<menucontrol>6666</menucontrol>
	<include>PropertyIncludes</include>
	<controls>
		<include>Background</include>
		<control type="grouplist">
			<include>Window_OpenClose</include>
			<centertop>50%</centertop>
			<left>100</left>
			<right>100</right>
			<height max="940">auto</height>
			<orientation>vertical</orientation>
			<itemgap>20</itemgap>
			<align>center</align>
			<!-- edit -->
			<control type="group">
				<height>50</height>
				<control type="label">
					<width>100%</width>
					<height>48</height>
					<font>Reg24</font>
					<aligny>center</aligny>
					<textoffsetx>5</textoffsetx>
					<textcolor>text_headline</textcolor>
					<label>$LOCALIZE[14111]</label>
				</control>
				<include>GreenBar</include>
			</control>
			<!-- list -->
			<control type="group" id="100">
				<height>820</height>
				<control type="image">
					<height>820</height>
					<texture colordiffuse="panel_background">common/white.jpg</texture>
					<aspectratio>stretch</aspectratio>
				</control>
				<control type="list" id="50">
					<centerleft>50%</centerleft>
					<top>10</top>
					<height>800</height>
					<onup>6666</onup>
					<onleft>900</onleft>
					<onright>noop</onright>
					<ondown>100</ondown>
					<pagecontrol>60</pagecontrol>
					<scrolltime>200</scrolltime>
					<itemlayout height="75" width="1720">
						<control type="image">
							<height>75</height>
							<width>75</width>
							<left>10</left>
							<bordersize>5</bordersize>
							<texture background="true">$INFO[ListItem.Icon]</texture>
							<aspectratio>keep</aspectratio>
						</control>
						<control type="label">
							<right>20</right>
							<left>100</left>
							<height>75</height>
							<aligny>center</aligny>
							<font>Reg24</font>
							<textcolor>panel_textcolor</textcolor>
							<label>$INFO[ListItem.Label]$INFO[ListItem.Property(Event.Description), - ]$INFO[ListItem.Label2,[COLOR panel_textcolor2] [,][/COLOR]]</label>
						</control>
					</itemlayout>
					<focusedlayout height="75" width="1720">
						<control type="image">
							<width>100%</width>
							<height>75</height>
							<texture colordiffuse="panel_focus">common/white.jpg</texture>
							<visible>Control.HasFocus(50)</visible>
						</control>
						<control type="image">
							<height>75</height>
							<width>75</width>
							<left>10</left>
							<bordersize>5</bordersize>
							<texture background="true">$INFO[ListItem.Icon]</texture>
							<aspectratio>keep</aspectratio>
						</control>
						<control type="label">
							<right>20</right>
							<left>100</left>
							<height>75</height>
							<aligny>center</aligny>
							<font>Reg24</font>
							<textcolor>panel_textcolor</textcolor>
							<label>$INFO[ListItem.Label]$INFO[ListItem.Property(Event.Description), - ]$INFO[ListItem.Label2,[COLOR panel_textcolor2] [,][/COLOR]]</label>
						</control>
					</focusedlayout>
				</control>
				<control type="scrollbar" id="60">
					<right>0</right>
					<top>0</top>
					<bottom>0</bottom>
					<width>4</width>
					<orientation>vertical</orientation>
					<showonepage>false</showonepage>
					<texturesliderbackground colordiffuse="00ffffff">common/white.jpg</texturesliderbackground>
					<texturesliderbar colordiffuse="scrollbar_slider">common/white.jpg</texturesliderbar>
				</control>
			</control>
		</control>
		<!-- Menu control -->
		<control type="group">
			<include>FullscreenDimensions</include>
			<include content="DiffuseMask">
				<param name="visible">ControlGroup(4000).HasFocus + !Window.IsVisible(selectdialog)</param>
			</include>
			<control type="group">
				<visible>ControlGroup(4000).HasFocus + !Window.IsVisible(selectdialog)</visible>
				<include>Visible_PopupOpenClose</include>
				<centerleft>50%</centerleft>
				<width>500</width>
				<centertop>50%</centertop>
				<height>982</height>
				<control type="grouplist" id="4000">
					<orientation>vertical</orientation>
					<height>auto</height>
					<align>center</align>
					<itemgap>0</itemgap>
					<onright>100</onright>
					<onleft>100</onleft>
					<onback>100</onback>
					<usecontrolcoords>true</usecontrolcoords>
					<control type="image" id="4001">
						<width>100%</width>
						<height>61</height>
						<texture border="65,0,65,0" colordiffuse="context_color">dialogs/context/top.png</texture>
					</control>
					<control type="button" id="20">
						<include content="ContextButton"/>
						<label>$LOCALIZE[19185]</label>
					</control>
					<control type="button" id="21">
						<include content="ContextButton"/>
					</control>
					<control type="radiobutton" id="22">
						<include content="ContextButton"/>
					</control>
					<control type="image" id="4002">
						<width>100%</width>
						<height>61</height>
						<texture border="65,0,65,0" colordiffuse="context_color">dialogs/context/bottom.png</texture>
					</control>
				</control>
			</control>
		</control>
		<!-- header bar -->
		<include content="HeaderBar">
			<param name="id">100</param>
		</include>
		<!-- side panel -->
		<include content="SidePanel">
			<param name="onright">100</param>
		</include>
	</controls>
</window>
