<?xml version="1.0" encoding="UTF-8"?>
<window>
	<defaultcontrol always="true">200</defaultcontrol>
	<onload>AlarmClock(FixFocus,SetFocus(100),00:01,silent)</onload>
	<backgroundcolor>background</backgroundcolor>
	<include>PropertyIncludes</include>
	<controls>
		<!-- hidden -->
		<control type="list" id="250">
			<include>HiddenObject</include>
		</control>
		<control type="list" id="450">
			<include>HiddenObject</include>
		</control>
		<control type="list" id="550">
			<include>HiddenObject</include>
		</control>
		<control type="list" id="650">
			<include>HiddenObject</include>
		</control>
		<control type="list" id="850">
			<include>HiddenObject</include>
		</control>
		<control type="list" id="950">
			<include>HiddenObject</include>
		</control>
		<control type="list" id="1050">
			<include>HiddenObject</include>
		</control>
		<control type="list" id="1250">
			<include>HiddenObject</include>
		</control>
		<control type="button" id="200">
			<include>HiddenObject</include>
			<onfocus>100</onfocus>
		</control>
		<!-- background -->
		<include>Background</include>
		<!-- views -->
		<control type="grouplist" id="50">
			<include>Window_OpenClose</include>
			<width>100%</width>
			<height>100%</height>
			<orientation>vertical</orientation>
			<usecontrolcoords>true</usecontrolcoords>
			<include>ScrollTime</include>
			<pagecontrol>17</pagecontrol>
			<itemgap>-80</itemgap>
			<!-- Meta -->
			<control type="group">
				<top>90</top>
				<height>480</height>
				<!-- poster -->
				<include>MetaExtendedInfoThumb</include>
				<!-- meta -->
				<control type="group">
					<top>-5</top>
					<left>370</left>
					<right>70</right>
					<control type="label">
						<right>440</right>
						<height>60</height>
						<label>$INFO[Window.Property(Label)]</label>
						<font>Reg37</font>
						<aligny>top</aligny>
					</control>
					<!-- buttons -->
					<control type="list" id="100">
						<top>48</top>
						<height>130</height>
						<width>100%</width>
						<orientation>horizontal</orientation>
						<defaultcontrol always="true">0</defaultcontrol>
						<onright>noop</onright>
						<onleft>900</onleft>
						<ondown>1000</ondown>
						<include>FocusBounce</include>
						<itemlayout height="130" width="146">
							<include content="IconMenu">
								<param name="id" value="100"/>
							</include>
						</itemlayout>
						<focusedlayout height="130" width="146">
							<include content="IconMenu">
								<param name="id" value="100"/>
								<param name="focused" value="true"/>
							</include>
						</focusedlayout>
						<content>
							<item>
								<visible>String.IsEmpty(Window.Property(Plot)) + String.IsEmpty(Window.Property(DBID))</visible>
								<label>$LOCALIZE[15067]</label>
								<property name="icon">&#xf5ad;</property>
								<onclick>close</onclick>
							</item>
							<item>
								<visible>!String.IsEmpty(Window.Property(DBID)) + !String.IsEqual(Window.Property(Type),tvshow)</visible>
								<label>$LOCALIZE[208]</label>
								<property name="icon">&#xf40a;</property>
								<onclick>RunScript(script.embuary.helper,action=playitem,dbid=$INFO[Window.Property(DBID)])</onclick>
							</item>
							<item>
								<visible>!String.IsEmpty(Window.Property(DBID)) + String.IsEqual(Window.Property(Type),tvshow)</visible>
								<label>$LOCALIZE[31011]</label>
								<property name="icon">&#xf24b;</property>
								<onclick>RunScript(script.embuary.helper,action=goto,path='"videodb://tvshows/titles/$INFO[Window.Property(DBID)]/"',target=videos)</onclick>
							</item>
							<item>
								<visible>!String.IsEmpty(Window.Property(Plot))</visible>
								<label>$LOCALIZE[207]</label>
								<property name="icon">&#xf9a9;</property>
								<onclick>RunScript(script.embuary.helper,action=textviewer,header='$ESCINFO[Window.Property(Label)]',message='$ESCINFO[Window.Property(Plot)]')</onclick>
							</item>
						</content>
					</control>
					<!-- plot -->
					<control type="textbox">
						<top>171</top>
						<height max="230">auto</height>
						<align>justify</align>
						<aligny>top</aligny>
						<label>$INFO[Window.Property(Premiered),$LOCALIZE[31318]: ,[CR]]$INFO[Window.Property(Budget),$LOCALIZE[31319]: ,[CR]]$INFO[Window.Property(Revenue),$LOCALIZE[31320]: ,[CR]]$INFO[Window.Property(Rating),$LOCALIZE[563]: ,[CR][CR]]$INFO[Window.Property(Plot)]</label>
						<font>Light24</font>
						<autoscroll>false</autoscroll>
					</control>
				</control>
				<!-- logo -->
				<include>MetaClearlogo</include>
			</control>
			<!-- cast -->
			<include content="CastWidget">
				<param name="id" value="1000"/>
				<param name="onup" value="100"/>
				<param name="ondown" value="750"/>
				<param name="headline" value="$LOCALIZE[206]"/>
				<param name="sublabel" value="$INFO[ListItem.Property(character)]"/>
				<param name="use_custom_content" value="false"/>
			</include>
			<!-- crew -->
			<include content="CastWidget">
				<param name="id" value="750"/>
				<param name="onup" value="1000"/>
				<param name="ondown" value="150"/>
				<param name="headline" value="$LOCALIZE[31321]"/>
				<param name="sublabel" value="$INFO[ListItem.Property(job)]"/>
				<param name="use_custom_content" value="false"/>
			</include>
			<!-- recommended -->
			<include content="PosterWidget">
				<param name="id" value="150"/>
				<param name="onup" value="750"/>
				<param name="ondown" value="1150"/>
				<param name="onback" value="100"/>
				<param name="headline" value="$LOCALIZE[31021]"/>
				<param name="visible_icon" value="false"/>
				<param name="use_custom_content" value="false"/>
			</include>
			<!-- off vids -->
			<include content="WideWidget">
				<param name="id" value="1150"/>
				<param name="onup" value="150"/>
				<param name="ondown" value="350"/>
				<param name="onback" value="100"/>
				<param name="headline" value="$LOCALIZE[3]"/>
				<param name="visible_icon" value="false"/>
				<param name="use_custom_content" value="false"/>
				<param name="height" value="448"/>
			</include>
			<!-- yt vids -->
			<include content="WideWidget">
				<param name="id" value="350"/>
				<param name="onup" value="1150"/>
				<param name="ondown" value="1350"/>
				<param name="onback" value="100"/>
				<param name="headline" value="YouTube"/>
				<param name="visible_icon" value="false"/>
				<param name="use_custom_content" value="false"/>
				<param name="height" value="448"/>
			</include>
			<!-- fanart -->
			<include content="WideWidget">
				<param name="id" value="1350"/>
				<param name="onup" value="350"/>
				<param name="ondown" value="noop"/>
				<param name="onback" value="100"/>
				<param name="headline" value="$LOCALIZE[20445]"/>
				<param name="visible_icon" value="false"/>
				<param name="use_custom_content" value="false"/>
				<param name="height" value="448"/>
			</include>
		</control>
		<!-- header bar -->
		<include content="HeaderBar">
			<param name="id">50</param>
			<param name="header_label">ExtendedInfo Script</param>
		</include>
		<!-- side panel -->
		<include content="SidePanel">
			<param name="onright">50</param>
		</include>
	</controls>
</window>
