<?xml version="1.0" encoding="utf-8"?>
<window>
	<defaultcontrol></defaultcontrol>
	<onload>SetProperty(showvideoinfo,1,home)</onload>
	<onload>AlarmClock(PreloadTimeout,ClearProperty(showvideoinfo,home),00:02,silent)</onload>
	<include>PropertyIncludes</include>
	<controls>
		<control type="list" id="2003">
			<visible>VideoPlayer.Content(movies)</visible>
			<include>HiddenObject</include>
			<content limit="1">$VAR[RottenSource]</content>
		</control>
		<include content="DiffuseMask">
			<param name="visible">Player.Caching | !String.IsEmpty(PVR.ChannelNumberInput)</param>
			<param name="colordiffuse" value="AA000000"/>
			<param name="id" value="99"/>
		</include>1
		<!-- Busy spinner -->
		<control type="group" id="99">
			<visible>Player.Caching + !Window.IsVisible(busydialog)</visible>
			<include content="BusySpinner">
				<param name="id" value="99"/>
				<param name="colordiffuse" value="white"/>
			</include>
		</control>
		<!-- Numeric Input -->
		<control type="label" id="99">
			<top>0</top>
			<bottom>0</bottom>
			<left>0</left>
			<right>0</right>
			<font>Bold70</font>
			<shadowcolor>text_shadow</shadowcolor>
			<label>$INFO[PVR.ChannelNumberInput,$LOCALIZE[19029] ]</label>
			<align>center</align>
			<aligny>center</aligny>
		</control>
		<!-- OSD -->
		<control type="group" id="99">
			<visible>!Player.HasGame</visible>
			<visible>[Window.IsVisible(videoosd) | Window.IsVisible(seekbar) | Player.ShowTime | [Window.IsVisible(volumebar) + !Player.Muted + !Skin.HasSetting(DefaultVolume)] | !String.IsEmpty(Window(home).Property(showvideoinfo))] + !Window.IsVisible(sliderdialog)</visible>
			<animation effect="fade" start="0" end="100" time="0">Visible</animation>
			<animation effect="fade" start="100" end="0" time="400" delay="500">Hidden</animation>
			<animation effect="fade" start="100" end="0" time="0" condition="Window.IsVisible(playerprocessinfo) | Window.IsVisible(pvrosdchannels) | Window.IsVisible(Teletext) | Window.IsVisible(sliderdialog) | Window.IsVisible(shutdownmenu) | Window.IsVisible(videobookmarks) | !String.IsEmpty(Window(home).Property(service.upnext.dialog)) | [$EXP[HideVideoOSD] + !$EXP[PlayerSeek] + !Window.IsVisible(videoosd)]">Conditional</animation>
			<!--Top-->
			<include>PlayerTopBar</include>
			<!--Bottom-->
			<control type="group" id="99">
				<!-- mask -->
				<control type="image" id="99">
					<bottom>0</bottom>
					<width>100%</width>
					<height>170</height>
					<texture colordiffuse="black">views/player/mask_bottom.png</texture>
					<visible>!VideoPlayer.Content(livetv) + !String.StartsWith(Player.Filenameandpath,pvr://)</visible>
				</control>
				<control type="image" id="99">
					<bottom>0</bottom>
					<width>100%</width>
					<height>201</height>
					<texture colordiffuse="black">views/player/mask_bottom.png</texture>
					<visible>VideoPlayer.Content(livetv) | String.StartsWith(Player.Filenameandpath,pvr://)</visible>
				</control>
				<control type="image" id="99">
					<bottom>20</bottom>
					<left>19</left>
					<width>278</width>
					<texture background="true">$VAR[PlayerIcon]</texture>
					<aspectratio scalediffuse="false" aligny="bottom">keep</aspectratio>
					<bordersize>11</bordersize>
					<bordertexture border="11,11,11,11">items/resp_shadow.png</bordertexture>
					<visible>
						![
						[VideoPlayer.Content(livetv) + [String.IsEmpty(Pvr.EPGEventIcon) | !Skin.HasSetting(ShowEPGThumbVideoOSD)]]
						| [String.StartsWith(Player.Filenameandpath,pvr://recordings) + !String.IsEmpty(Window(home).Property(Player.Channellogo)) + [String.IsEqual(Window(home).Property(Player.Channellogo),Player.Icon) | !Skin.HasSetting(ShowEPGThumbVideoOSD)]]
						]
					</visible>
				</control>
				<control type="image" id="99">
					<bottom>31</bottom>
					<left>30</left>
					<width>256</width>
					<height>144</height>
					<texture background="true">$VAR[PlayerIcon]</texture>
					<aspectratio scalediffuse="false" aligny="center">keep</aspectratio>
					<visible>
						[VideoPlayer.Content(livetv) + [String.IsEmpty(Pvr.EPGEventIcon) | !Skin.HasSetting(ShowEPGThumbVideoOSD)]]
						| [String.StartsWith(Player.Filenameandpath,pvr://recordings) + !String.IsEmpty(Window(home).Property(Player.Channellogo)) + [String.IsEqual(Window(home).Property(Player.Channellogo),Player.Icon) | !Skin.HasSetting(ShowEPGThumbVideoOSD)]]
					</visible>
				</control>
				<!-- Progress bars -->
				<control type="group" id="99">
					<!-- Cache bar -->
					<control type="progress" id="99">
						<include>PlayerProgressDimension</include>
						<info>Player.ProgressCache</info>
						<texturebg colordiffuse="grey">common/white.jpg</texturebg>
						<midtexture colordiffuse="white">common/white.jpg</midtexture>
						<visible>!VideoPlayer.HasEpg</visible>
					</control>
					<!-- Video progress bar -->
					<control type="progress" id="99">
						<include>PlayerProgressDimension</include>
						<info>Player.Progress</info>
						<texturebg colordiffuse="00ffffff">common/white.jpg</texturebg>
						<midtexture colordiffuse="$VAR[PlayerAccentColor]">common/white.jpg</midtexture>
						<visible>!VideoPlayer.HasEpg</visible>
					</control>
					<!-- LiveTV + timeshift progress bar -->
					<control type="progress" id="99">
						<include>PlayerProgressDimension</include>
						<info>PVR.EpgEventProgress</info>
						<texturebg colordiffuse="grey">common/white.jpg</texturebg>
						<midtexture colordiffuse="$VAR[PlayerAccentColor]">common/white.jpg</midtexture>
						<visible>VideoPlayer.HasEpg</visible>
					</control>
				</control>
				<!-- Label section -->
				<control type="group" id="99">
					<animation effect="slide" time="0" start="0,0" end="0,-31" condition="VideoPlayer.Content(livetv) | String.StartsWith(Player.Filenameandpath,pvr://)">Conditional</animation>
					<height>31</height>
					<bottom>115</bottom>
					<left>309</left>
					<right>30</right>
					<control type="grouplist" id="99">
						<orientation>horizontal</orientation>
						<height>31</height>
						<itemgap>0</itemgap>
						<control type="label" id="99">
							<width>auto</width>
							<height>30</height>
							<aligny>center</aligny>
							<font>Med24</font>
							<textcolor>white</textcolor>
							<label>$VAR[PlayerFullLabel]   </label>
						</control>
						<control type="label" id="99">
							<width>auto</width>
							<height>30</height>
							<aligny>center</aligny>
							<label>$INFO[VideoPlayer.Year]   </label>
							<font>Reg24</font>
							<textcolor>white</textcolor>
							<visible>!String.IsEmpty(VideoPlayer.Year) + !VideoPlayer.Content(livetv)</visible>
							<visible>!String.Contains(Player.Art(thumb),KodiCinemaMode)</visible>
						</control>
						<control type="button" id="99">
							<animation effect="slide" end="0,2" time="0" condition="true">Conditional</animation>
							<width min="24">auto</width>
							<height>24</height>
							<font>MpaaFont</font>
							<label>$INFO[VideoPlayer.Mpaa]</label>
							<textoffsetx>7</textoffsetx>
							<align>center</align>
							<textcolor>white</textcolor>
							<disabledcolor>white</disabledcolor>
							<texturefocus border="10" colordiffuse="white">icons/rating/mpaa.png</texturefocus>
							<texturenofocus border="10" colordiffuse="white">icons/rating/mpaa.png</texturenofocus>
							<enable>false</enable>
							<visible>!String.IsEmpty(VideoPlayer.Mpaa)</visible>
							<visible>!String.Contains(Player.Art(thumb),KodiCinemaMode)</visible>
						</control>
						<control type="label" id="99">
							<width>20</width>
							<height>24</height>
							<label/>
							<visible>!String.IsEmpty(VideoPlayer.Mpaa)</visible>
							<visible>!String.Contains(Player.Art(thumb),KodiCinemaMode)</visible>
						</control>
						<control type="label" id="99">
							<animation effect="slide" end="-3,0" time="0" condition="true">Conditional</animation>
							<width>auto</width>
							<height>30</height>
							<aligny>center</aligny>
							<label>&#xf4ce;</label>
							<font>Material26</font>
							<textcolor>red</textcolor>
							<visible>!String.IsEmpty(VideoPlayer.Rating)</visible>
							<visible>!String.Contains(Player.Art(thumb),KodiCinemaMode)</visible>
						</control>
						<control type="label" id="99">
							<width>auto</width>
							<height>30</height>
							<aligny>center</aligny>
							<label>$INFO[VideoPlayer.Rating]   </label>
							<font>Reg24</font>
							<textcolor>white</textcolor>
							<visible>!String.IsEmpty(VideoPlayer.Rating)</visible>
							<visible>!String.Contains(Player.Art(thumb),KodiCinemaMode)</visible>
						</control>
						<control type="image" id="99">
							<animation effect="slide" end="-4,4" time="0" condition="true">Conditional</animation>
							<width>24</width>
							<height>20</height>
							<texture>$VAR[RottenIcon]</texture>
							<aspectratio>keep</aspectratio>
							<visible>!String.Contains(Player.Art(thumb),KodiCinemaMode)</visible>
						</control>
						<control type="label" id="99">
							<width>auto</width>
							<height>30</height>
							<aligny>center</aligny>
							<label>$VAR[RottenRating,,   ]</label>
							<font>Reg24</font>
							<textcolor>white</textcolor>
							<visible>!String.Contains(Player.Art(thumb),KodiCinemaMode)</visible>
						</control>
					</control>
					<control type="label" id="99">
						<include>NoTextures</include>
						<height>30</height>
						<right>0</right>
						<aligny>center</aligny>
						<align>right</align>
						<font>Reg24</font>
						<textcolor>text_sublabel</textcolor>
						<label>$VAR[PlayerResolution]</label>
						<textoffsetx>0</textoffsetx>
						<scroll>true</scroll>
						<visible>!Player.ShowInfo</visible>
						<visible>VideoPlayer.Content(livetv) | String.StartsWith(Player.Filenameandpath,pvr://)</visible>
					</control>
				</control>
				<!-- PVR EpisodeName -->
				<control type="group" id="99">
					<visible>VideoPlayer.Content(livetv) | String.StartsWith(Player.Filenameandpath,pvr://)</visible>
					<height>31</height>
					<bottom>115</bottom>
					<left>309</left>
					<right>30</right>
					<control type="label" id="99">
						<include>NoTextures</include>
						<height>30</height>
						<left>0</left>
						<right>130</right>
						<aligny>center</aligny>
						<align>left</align>
						<font>Reg24</font>
						<textcolor>text_sublabel</textcolor>
						<label>$VAR[PlayerEpisodeName,,  |  ]$INFO[VideoPlayer.Genre]</label>
						<textoffsetx>0</textoffsetx>
					</control>
					<control type="label" id="99">
						<include>NoTextures</include>
						<height>30</height>
						<right>0</right>
						<aligny>center</aligny>
						<align>right</align>
						<font>Reg24</font>
						<textcolor>text_sublabel</textcolor>
						<label>$INFO[VideoPlayer.ChannelNumberLabel,$LOCALIZE[19029] ,]</label>
						<textoffsetx>0</textoffsetx>
						<scroll>true</scroll>
					</control>
				</control>
				<!-- Bottom label section -->
				<control type="grouplist" id="99">
					<visible>!Window.IsVisible(VideoOSD)</visible>
					<orientation>horizontal</orientation>
					<height>50</height>
					<bottom>20</bottom>
					<left>309</left>
					<right>20</right>
					<itemgap>0</itemgap>
					<include>PlayerBottomLabels</include>
				</control>
				<!-- Volume -->
				<include>PlayerOSDVolume</include>
			</control>
		</control>
	</controls>
</window>
